,Population that can work from home,Total working population,Work from home populuation ratio,Population commutes using transit,All working population,Transit commuting population ratio,google_trend,# Unique users,# Total posts,pop,social_rate,car_pop,all_pop,car_ratio,average_commute_time,p55,p65,p75,p85,total_pop,pp55,pp65,pp75,pp85,net_post_per_capita,unique_users,total_post,positive_post,neutral_post,negative_post,balance,all_post_per_capital,positive_post_rate,neutral_post_rate,negative_post_rate,all_house,vehicle0_house,vehicle0_house_rate,vehicle1_house,vehicle2_house,vehicle3_house,vehicle4_house,black_pop,hispanic_pop,total_race_pop,black_ratio,hispanic_ratio,female_pop,total_sex_pop,female_ratio,white_pop,asian_pop,nonwhas_pop,nonwhite_ratio,B,negative_B
 AC Transit ,502525,847170,0.593180826,116644,767292,0.152020352,33,33,39,1643700,2.00767E-05,547295,767292,0.713281254,33,415473,89097,89097,28149,1643700,0.252766928,0.054205147,0.054205147,0.017125388,-2.43353E-06,33,39,11,13,15,-4,1.43361E-05,6.69222E-06,7.90899E-06,9.12575E-06,572870,54816,0.09568663,182927,207627,84396,30510,177135,369061,1643700,0.107766016,0.224530632,836529,1643700,0.508930462,681725,486434,0.28931131,0.585249741,-0.830179952,0.830179952
 ART ,2390559,4869658,0.490909013,294952,4749180,0.062105879,38,1937,3955,10098052,0.000191819,3963851,4749180,0.834639032,31,2478262,564884,564884,180184,10098052,0.24541981,0.055939898,0.055939898,0.017843441,-2.52524E-05,1937,3955,1302,1096,1557,-255,0.000274153,0.000128936,0.000108536,0.000154188,3306109,298364,0.090246268,1121855,1167265,462324,175081,823987,4893603,10098052,0.081598609,0.484608616,5121264,10098052,0.507153657,5186859,1469968,0.340781073,0.486350536,-0.662753205,0.662753205
 Beach Cities Transit ,2390559,4869658,0.490909013,294952,4749180,0.062105879,38,1937,3955,10098052,0.000191819,3963851,4749180,0.834639032,31,2478262,564884,564884,180184,10098052,0.24541981,0.055939898,0.055939898,0.017843441,-2.52524E-05,1937,3955,1302,1096,1557,-255,0.000274153,0.000128936,0.000108536,0.000154188,3306109,298364,0.090246268,1121855,1167265,462324,175081,823987,4893603,10098052,0.081598609,0.484608616,5121264,10098052,0.507153657,5186859,1469968,0.340781073,0.486350536,-0.764783996,0.764783996
 Bee-Line ,276626,479775,0.576574436,109470,468771,0.233525538,36,117,284,968815,0.000120766,307592,468771,0.65616687,35,288165,74383,74383,26065,968815,0.297440688,0.0767773,0.0767773,0.026904001,-7.1221E-05,117,284,75,65,144,-69,0.000159993,7.74142E-05,6.70923E-05,0.000148635,347332,50391,0.145080211,123088,117770,39877,12086,142443,235243,968815,0.14702807,0.242815192,499917,968815,0.516008732,630592,57410,0.289852036,0.349109995,-0.641591512,0.641591512
 Big Blue Bus ,2390559,4869658,0.490909013,294952,4749180,0.062105879,38,1937,3955,10098052,0.000191819,3963851,4749180,0.834639032,31,2478262,564884,564884,180184,10098052,0.24541981,0.055939898,0.055939898,0.017843441,-2.52524E-05,1937,3955,1302,1096,1557,-255,0.000274153,0.000128936,0.000108536,0.000154188,3306109,298364,0.090246268,1121855,1167265,462324,175081,823987,4893603,10098052,0.081598609,0.484608616,5121264,10098052,0.507153657,5186859,1469968,0.340781073,0.486350536,-0.776411319,0.776411319
 Brockton Area Transit ,247070,429529,0.575211453,139478,421256,0.331100329,52,262,443,791766,0.000330906,199757,421256,0.474193839,31,172274,39448,39448,12268,791766,0.217581962,0.049822801,0.049822801,0.015494477,-2.3997E-05,262,443,148,128,167,-19,0.00035133,0.000186924,0.000161664,0.000210921,307870,99703,0.323847728,131285,60596,12858,2512,177748,179702,791766,0.224495621,0.226963522,408936,791766,0.516485931,437431,69435,0.359828535,0.4475249,-0.751676717,0.751676717
 Broward County Transit ,587519,1301540,0.451402953,68596,1280128,0.053585266,37,443,829,2715516,0.000163137,1096674,1280128,0.856690893,32,749998,197088,197088,61497,2715516,0.276189866,0.072578471,0.072578471,0.022646525,-3.49841E-05,443,829,211,312,306,-95,0.000164827,7.77016E-05,0.000114895,0.000112686,870051,90236,0.10371346,339061,304373,98155,30147,481976,1845646,2715516,0.177489656,0.679666774,1396889,2715516,0.514410153,2041796,43289,0.232158824,0.248100177,-0.511190249,0.511190249
 Capital Metro ,6159,13801,0.446272009,9,13594,0.000662057,41,5,7,29565,0.000169119,12637,13594,0.929601295,30,9699,2151,2151,619,29565,0.328056824,0.072754947,0.072754947,0.020936919,-0.000101471,5,7,2,0,5,-3,0.000147124,6.76476E-05,0,0.000169119,11041,490,0.044380038,2868,4370,2273,853,2626,7819,29565,0.088821241,0.264468121,14881,29565,0.503331642,23810,89,0.191645527,0.194655843,-0.717160346,0.717160346
 Capitol Corridor ,356357,686019,0.519456458,17800,671083,0.02652429,33,64,77,1510023,4.23835E-05,587410,671083,0.875316466,27,385144,84299,84299,26680,1510023,0.255058367,0.055826302,0.055826302,0.017668605,-2.64897E-06,64,77,20,33,24,-4,2.98026E-05,1.32448E-05,2.1854E-05,1.58938E-05,536029,37651,0.070240603,180603,201667,78096,27386,149064,347025,1510023,0.098716377,0.22981438,772281,1510023,0.511436581,875793,235474,0.264072799,0.42001347,-0.804206225,0.804206225
 CARTA ,104549,200094,0.522499425,2818,198964,0.014163366,49,7,7,394708,1.77346E-05,172011,198964,0.864533282,24,112414,23013,23013,7367,394708,0.284802943,0.05830386,0.05830386,0.01866443,-1.01341E-05,7,7,0,3,4,-4,0,0,7.60056E-06,1.01341E-05,156482,10621,0.067873621,57953,62336,19563,4382,107789,19944,394708,0.27308542,0.050528492,203517,394708,0.515614074,269342,5621,0.303376167,0.317617074,-0.638833218,0.638833218
 CDTA ,94840,159756,0.593655324,9925,156817,0.063290332,64,9,11,307426,2.92753E-05,132053,156817,0.842083448,21,90006,21580,21580,7394,307426,0.292772895,0.070195754,0.070195754,0.024051316,-9.75845E-06,9,11,3,2,6,-3,1.91306E-05,9.75845E-06,6.50563E-06,1.95169E-05,126008,17228,0.136721478,47143,44579,12962,3063,38407,17925,307426,0.124930878,0.058306714,158516,307426,0.515623272,232402,19928,0.179217112,0.244039216,-0.797251823,0.797251823
 City of Seattle ,723559,1176560,0.614978412,157462,1153731,0.136480687,32,108,156,2163257,4.99247E-05,826647,1153731,0.716498907,30,536610,110557,110557,37447,2163257,0.248056518,0.051106734,0.051106734,0.017310472,-1.84906E-06,108,156,63,26,67,-4,5.46054E-05,2.91228E-05,1.20189E-05,3.09718E-05,865627,87191,0.100725832,296838,317994,111068,35622,136054,206735,2163257,0.062893128,0.095566546,1080317,2163257,0.499393738,1404974,370908,0.179070263,0.350528393,-0.862581831,0.862581831
 Community Transit ,723559,1176560,0.614978412,157462,1153731,0.136480687,32,108,156,2163257,4.99247E-05,826647,1153731,0.716498907,30,536610,110557,110557,37447,2163257,0.248056518,0.051106734,0.051106734,0.017310472,-1.84906E-06,108,156,63,26,67,-4,5.46054E-05,2.91228E-05,1.20189E-05,3.09718E-05,865627,87191,0.100725832,296838,317994,111068,35622,136054,206735,2163257,0.062893128,0.095566546,1080317,2163257,0.499393738,1404974,370908,0.179070263,0.350528393,-0.847664702,0.847664702
 COTA ,372845,665824,0.559975309,16088,651953,0.024676625,47,177,290,1275333,0.000138787,580906,651953,0.891024353,22,290712,58296,58296,18383,1275333,0.227949877,0.045710414,0.045710414,0.014414275,-1.96027E-05,177,290,103,59,128,-25,0.000157987,8.07632E-05,4.62624E-05,0.000100366,504702,38474,0.076231123,191902,196059,57079,15450,283279,69044,1275333,0.222121595,0.054138017,652980,1275333,0.512007452,853540,65029,0.27974184,0.33073166,-0.59570079,0.59570079
 County Connection ,300402,547323,0.548856891,56845,532887,0.106673648,33,13,16,1133247,1.14715E-05,422413,532887,0.792687756,38,317840,70245,70245,21680,1133247,0.280468424,0.061985604,0.061985604,0.019130869,-3.52968E-06,13,16,4,4,8,-4,7.50628E-06,3.52968E-06,3.52968E-06,7.05936E-06,392277,21438,0.054650158,107267,152980,71972,27414,97333,288101,1133247,0.085888602,0.254226131,579546,1133247,0.511403075,648325,185065,0.264599862,0.427904949,-0.769652429,0.769652429
 CTA ,1318752,2548996,0.517361345,487729,2498849,0.195181462,48,771,1540,5223719,0.000147596,1734249,2498849,0.694019126,33,1360178,314768,314768,97001,5223719,0.260384986,0.060257453,0.060257453,0.018569337,-3.17781E-05,771,1540,476,422,642,-166,0.000190488,9.11228E-05,8.07854E-05,0.000122901,1963070,347470,0.177003367,794734,590946,165673,48732,1230494,1314232,5223719,0.235558995,0.251589337,2689079,5223719,0.514782476,2957561,376115,0.361819424,0.433820809,-0.791364579,0.791364579
 C-TRAN ,108122,221205,0.48878642,4961,216960,0.022865966,34,50,92,465384,0.000107438,189870,216960,0.875138274,27,127556,25267,25267,7705,465384,0.274087635,0.054292799,0.054292799,0.01655622,-3.22314E-05,50,92,31,15,46,-15,0.000142883,6.66117E-05,3.22314E-05,9.88431E-05,171522,7772,0.045311972,45804,70452,30871,11150,7845,43347,465384,0.016857047,0.093142437,235292,465384,0.505586784,393116,20853,0.110478658,0.155286817,-0.728714491,0.728714491
 CTTransit Hartford ,249021,447893,0.555983237,14424,439172,0.032843624,41,9,15,894730,1.00589E-05,393119,439172,0.895136757,23,269546,66644,66644,23560,894730,0.301259598,0.07448504,0.07448504,0.026331966,-4.47062E-06,9,15,3,5,7,-4,6.83104E-06,3.35297E-06,5.58828E-06,7.82359E-06,349064,36883,0.105662572,120285,128768,44897,13410,122103,157785,894730,0.136469102,0.17634929,460080,894730,0.514210991,639528,46577,0.233170901,0.285227946,-0.611344671,0.611344671
 CTTransit New Britain ,249021,447893,0.555983237,14424,439172,0.032843624,41,9,15,894730,1.00589E-05,393119,439172,0.895136757,23,269546,66644,66644,23560,894730,0.301259598,0.07448504,0.07448504,0.026331966,-4.47062E-06,9,15,3,5,7,-4,6.83104E-06,3.35297E-06,5.58828E-06,7.82359E-06,349064,36883,0.105662572,120285,128768,44897,13410,122103,157785,894730,0.136469102,0.17634929,460080,894730,0.514210991,639528,46577,0.233170901,0.285227946,-0.693394376,0.693394376
 CTTransit New Haven ,230791,427791,0.539494753,18032,420437,0.042888709,41,130,307,859339,0.000151279,363156,420437,0.863758423,25,260059,63374,63374,22629,859339,0.302626786,0.07374738,0.07374738,0.02633303,-6.98211E-05,130,307,92,63,152,-60,0.00021882,0.000107059,7.33122E-05,0.00017688,329857,38419,0.116471683,116048,114642,42447,13195,113737,151361,859339,0.132354054,0.176136542,445028,859339,0.517872458,634586,34161,0.221789073,0.26154172,-0.632848767,0.632848767
 CTTransit Stamford ,263716,475513,0.554592619,47752,466283,0.10240991,36,25,30,944348,2.64733E-05,374632,466283,0.803443402,31,270973,65120,65120,21907,944348,0.28694189,0.06895763,0.06895763,0.023198016,-1.27072E-05,25,30,6,6,18,-12,1.28677E-05,6.35359E-06,6.35359E-06,1.90608E-05,340491,26098,0.076648135,104000,133030,54130,17222,107215,182653,944348,0.113533358,0.193417045,484385,944348,0.512930615,691642,49927,0.214729104,0.267598385,-0.659771828,0.659771828
 Culver CityBus ,2390559,4869658,0.490909013,294952,4749180,0.062105879,38,1937,3955,10098052,0.000191819,3963851,4749180,0.834639032,31,2478262,564884,564884,180184,10098052,0.24541981,0.055939898,0.055939898,0.017843441,-2.52524E-05,1937,3955,1302,1096,1557,-255,0.000274153,0.000128936,0.000108536,0.000154188,3306109,298364,0.090246268,1121855,1167265,462324,175081,823987,4893603,10098052,0.081598609,0.484608616,5121264,10098052,0.507153657,5186859,1469968,0.340781073,0.486350536,-0.792776841,0.792776841
 DART ,595486,1282839,0.46419387,36150,1260913,0.028669702,46,387,795,2586552,0.00014962,1128574,1260913,0.895045098,27,539896,103680,103680,29824,2586552,0.208731933,0.040084251,0.040084251,0.011530408,-4.63938E-05,387,795,224,227,344,-120,0.000177649,8.66018E-05,8.77616E-05,0.000132996,917276,63543,0.069273588,340627,339585,120891,38366,582158,1033000,2586552,0.22507106,0.399373374,1311326,2586552,0.506978402,1595565,159919,0.321303419,0.383130515,-0.593462067,0.593462067
 DC Circulator ,265583,369194,0.719358928,130661,366168,0.356833475,27,946,1845,684498,0.001382035,144993,366168,0.395973979,30,151629,34792,34792,10956,684498,0.221518544,0.05082849,0.05082849,0.01600589,-5.55151E-05,946,1845,630,547,668,-38,0.001720522,0.000920383,0.000799126,0.000975898,281322,99637,0.35417422,125351,45818,7972,1809,321317,74776,684498,0.469419925,0.109242102,359617,684498,0.525373339,280469,26718,0.55122294,0.590255925,-0.757762738,0.757762738
 DDOT ,327635,734480,0.446077497,22458,718904,0.03123922,46,45,66,1761382,2.55481E-05,648813,718904,0.902502977,25,493264,109473,109473,35049,1761382,0.280043738,0.062151765,0.062151765,0.01989858,-2.27094E-06,45,66,23,16,27,-4,3.19931E-05,1.30579E-05,9.08378E-06,1.53289E-05,676587,93668,0.138441915,266511,220744,68840,19942,685098,103202,1761382,0.388954809,0.058591492,913734,1761382,0.518759701,937396,57380,0.435229837,0.467806529,-0.559865196,0.559865196
 Fairfax Connector ,265583,369194,0.719358928,130661,366168,0.356833475,27,946,1845,684498,0.001382035,144993,366168,0.395973979,30,151629,34792,34792,10956,684498,0.221518544,0.05082849,0.05082849,0.01600589,-5.55151E-05,946,1845,630,547,668,-38,0.001720522,0.000920383,0.000799126,0.000975898,281322,99637,0.35417422,125351,45818,7972,1809,321317,74776,684498,0.469419925,0.109242102,359617,684498,0.525373339,280469,26718,0.55122294,0.590255925,-0.597569197,0.597569197
 Foothill Transit ,2390559,4869658,0.490909013,294952,4749180,0.062105879,38,1937,3955,10098052,0.000191819,3963851,4749180,0.834639032,31,2478262,564884,564884,180184,10098052,0.24541981,0.055939898,0.055939898,0.017843441,-2.52524E-05,1937,3955,1302,1096,1557,-255,0.000274153,0.000128936,0.000108536,0.000154188,3306109,298364,0.090246268,1121855,1167265,462324,175081,823987,4893603,10098052,0.081598609,0.484608616,5121264,10098052,0.507153657,5186859,1469968,0.340781073,0.486350536,-0.73336293,0.73336293
 GCRTA ,310807,591135,0.525780067,27460,579631,0.047374968,48,236,577,1253783,0.00018823,505891,579631,0.872781131,24,396716,99311,99311,33140,1253783,0.316415201,0.079209082,0.079209082,0.026432006,-4.14745E-05,236,577,147,231,199,-52,0.00025361,0.000117245,0.000184242,0.00015872,538531,71178,0.132170664,217185,180227,51227,13897,371298,72492,1253783,0.296142155,0.057818618,656136,1253783,0.523325009,784683,36876,0.344735891,0.374147679,-0.625018192,0.625018192
 Glendale Beeline ,2390559,4869658,0.490909013,294952,4749180,0.062105879,38,1937,3955,10098052,0.000191819,3963851,4749180,0.834639032,31,2478262,564884,564884,180184,10098052,0.24541981,0.055939898,0.055939898,0.017843441,-2.52524E-05,1937,3955,1302,1096,1557,-255,0.000274153,0.000128936,0.000108536,0.000154188,3306109,298364,0.090246268,1121855,1167265,462324,175081,823987,4893603,10098052,0.081598609,0.484608616,5121264,10098052,0.507153657,5186859,1469968,0.340781073,0.486350536,-0.769915797,0.769915797
 Greater Dayton RTA ,119457,243624,0.490333465,6450,239932,0.026882617,46,36,89,532034,6.76648E-05,217089,239932,0.904793858,21,163838,40874,40874,12358,532034,0.307946485,0.076825917,0.076825917,0.023227839,-4.13507E-05,36,89,26,15,48,-22,0.000108364,4.88691E-05,2.81937E-05,9.02198E-05,223894,22029,0.09839031,80696,80941,28877,7959,109355,15138,532034,0.205541375,0.028453069,275880,532034,0.518538289,388086,11223,0.249467139,0.270561656,-0.555006119,0.555006119
 Greater Portland Metro Bus ,243825,430606,0.566236885,49618,422229,0.117514429,34,262,475,798647,0.000328055,292797,422229,0.693455447,27,195329,37934,37934,12646,798647,0.244574887,0.047497831,0.047497831,0.01583428,-7.01186E-05,262,475,150,119,206,-56,0.000355257,0.000187818,0.000149002,0.000257936,321968,40966,0.127236247,123283,109571,34522,9804,43397,91130,798647,0.054338149,0.114105481,402994,798647,0.504595898,621439,58124,0.149107178,0.221885263,-0.762501906,0.762501906
 GTrans ,2390559,4869658,0.490909013,294952,4749180,0.062105879,38,1937,3955,10098052,0.000191819,3963851,4749180,0.834639032,31,2478262,564884,564884,180184,10098052,0.24541981,0.055939898,0.055939898,0.017843441,-2.52524E-05,1937,3955,1302,1096,1557,-255,0.000274153,0.000128936,0.000108536,0.000154188,3306109,298364,0.090246268,1121855,1167265,462324,175081,823987,4893603,10098052,0.081598609,0.484608616,5121264,10098052,0.507153657,5186859,1469968,0.340781073,0.486350536,-0.643240036,0.643240036
 Hartford Line ,249021,447893,0.555983237,14424,439172,0.032843624,41,9,15,894730,1.00589E-05,393119,439172,0.895136757,23,269546,66644,66644,23560,894730,0.301259598,0.07448504,0.07448504,0.026331966,-4.47062E-06,9,15,3,5,7,-4,6.83104E-06,3.35297E-06,5.58828E-06,7.82359E-06,349064,36883,0.105662572,120285,128768,44897,13410,122103,157785,894730,0.136469102,0.17634929,460080,894730,0.514210991,639528,46577,0.233170901,0.285227946,-0.645713332,0.645713332
 HRT ,29738,61974,0.479846387,1573,65436,0.024038755,36,11,30,135583,8.11311E-05,59811,65436,0.914038144,22,37760,8193,8193,2479,135583,0.278500992,0.06042793,0.06042793,0.018284003,-6.638E-05,11,30,9,3,18,-9,0.000137539,6.638E-05,2.21267E-05,0.00013276,53700,4747,0.08839851,19333,18935,7184,2728,68038,7599,135583,0.501818075,0.05604685,70308,135583,0.518560587,56166,3490,0.560003835,0.585744525,-0.409585997,0.409585997
 KCATA ,173068,343721,0.503513024,7348,338514,0.021706635,40,19,35,692003,2.74565E-05,305673,338514,0.90298481,24,187897,42096,42096,12621,692003,0.27152628,0.060832106,0.060832106,0.01823836,-2.02311E-05,19,35,6,9,20,-14,1.77245E-05,8.67048E-06,1.30057E-05,2.89016E-05,282653,25333,0.089625796,108752,99842,34256,10475,163422,61310,692003,0.236157936,0.088597882,357399,692003,0.516470304,461134,12844,0.315063663,0.333624276,-0.43374253,0.43374253
 King County Metro ,723559,1176560,0.614978412,157462,1153731,0.136480687,32,108,156,2163257,4.99247E-05,826647,1153731,0.716498907,30,536610,110557,110557,37447,2163257,0.248056518,0.051106734,0.051106734,0.017310472,-1.84906E-06,108,156,63,26,67,-4,5.46054E-05,2.91228E-05,1.20189E-05,3.09718E-05,865627,87191,0.100725832,296838,317994,111068,35622,136054,206735,2163257,0.062893128,0.095566546,1080317,2163257,0.499393738,1404974,370908,0.179070263,0.350528393,-0.819618542,0.819618542
 LA DOT ,2390559,4869658,0.490909013,294952,4749180,0.062105879,38,1937,3955,10098052,0.000191819,3963851,4749180,0.834639032,31,2478262,564884,564884,180184,10098052,0.24541981,0.055939898,0.055939898,0.017843441,-2.52524E-05,1937,3955,1302,1096,1557,-255,0.000274153,0.000128936,0.000108536,0.000154188,3306109,298364,0.090246268,1121855,1167265,462324,175081,823987,4893603,10098052,0.081598609,0.484608616,5121264,10098052,0.507153657,5186859,1469968,0.340781073,0.486350536,-0.722880103,0.722880103
 LA Metro - Bus ,2390559,4869658,0.490909013,294952,4749180,0.062105879,38,1937,3955,10098052,0.000191819,3963851,4749180,0.834639032,31,2478262,564884,564884,180184,10098052,0.24541981,0.055939898,0.055939898,0.017843441,-2.52524E-05,1937,3955,1302,1096,1557,-255,0.000274153,0.000128936,0.000108536,0.000154188,3306109,298364,0.090246268,1121855,1167265,462324,175081,823987,4893603,10098052,0.081598609,0.484608616,5121264,10098052,0.507153657,5186859,1469968,0.340781073,0.486350536,-0.710802041,0.710802041
 LA Metro - Rail ,2390559,4869658,0.490909013,294952,4749180,0.062105879,38,1937,3955,10098052,0.000191819,3963851,4749180,0.834639032,31,2478262,564884,564884,180184,10098052,0.24541981,0.055939898,0.055939898,0.017843441,-2.52524E-05,1937,3955,1302,1096,1557,-255,0.000274153,0.000128936,0.000108536,0.000154188,3306109,298364,0.090246268,1121855,1167265,462324,175081,823987,4893603,10098052,0.081598609,0.484608616,5121264,10098052,0.507153657,5186859,1469968,0.340781073,0.486350536,-0.743884242,0.743884242
 Las Vegas Monorail ,403489,1003320,0.402153849,37928,989494,0.038330702,39,372,713,2141574,0.000173704,876136,989494,0.885438416,25,551887,114012,114012,27096,2141574,0.257701578,0.053237479,0.053237479,0.012652376,-3.17523E-05,372,713,228,189,296,-68,0.000230421,0.000106464,8.82528E-05,0.000138216,767954,64390,0.083846168,292184,279706,94267,27073,245827,662081,2141574,0.114788002,0.309156256,1071795,2141574,0.500470682,1299138,205824,0.297263601,0.393372351,-0.680392654,0.680392654
 Long Beach Transit ,2390559,4869658,0.490909013,294952,4749180,0.062105879,38,1937,3955,10098052,0.000191819,3963851,4749180,0.834639032,31,2478262,564884,564884,180184,10098052,0.24541981,0.055939898,0.055939898,0.017843441,-2.52524E-05,1937,3955,1302,1096,1557,-255,0.000274153,0.000128936,0.000108536,0.000154188,3306109,298364,0.090246268,1121855,1167265,462324,175081,823987,4893603,10098052,0.081598609,0.484608616,5121264,10098052,0.507153657,5186859,1469968,0.340781073,0.486350536,-0.711645878,0.711645878
 Long Island Rail Road ,387407,744693,0.52022377,48427,731739,0.066180701,36,128,219,1487901,8.60272E-05,638924,731739,0.873158326,32,445835,104102,104102,32165,1487901,0.299640231,0.069965676,0.069965676,0.021617702,-2.68835E-05,128,219,55,69,95,-40,7.51634E-05,3.69648E-05,4.63741E-05,6.38483E-05,487981,25656,0.052575818,129710,193155,88373,36409,116880,281315,1487901,0.078553613,0.189068359,755632,1487901,0.507850993,1200553,57527,0.154459873,0.193123064,-0.676243181,0.676243181
 Lynx ,327690,661930,0.495052347,17567,650883,0.02698949,35,200,389,1321194,0.000151378,579427,650883,0.890216829,28,295647,59812,59812,18098,1321194,0.223772588,0.045271171,0.045271171,0.013698215,-6.35789E-05,200,389,96,113,180,-84,0.000147492,7.26615E-05,8.55287E-05,0.00013624,458613,27695,0.060388607,173231,183961,54735,15325,277193,408324,1321194,0.209804919,0.309056808,672748,1321194,0.509196984,844074,68133,0.309558627,0.361127889,-0.580980678,0.580980678
 Madison Metro ,186620,302391,0.617147997,16242,297700,0.05455828,38,5,9,529843,9.43676E-06,240741,297700,0.808669802,21,130433,26703,26703,8547,529843,0.246172923,0.050397948,0.050397948,0.016131194,-1.88735E-06,5,9,1,6,2,-1,3.35909E-06,1.88735E-06,1.13241E-05,3.7747E-06,219490,16088,0.073297189,77166,91243,25332,7246,27334,33285,529843,0.051588867,0.062820496,266521,529843,0.503018819,443347,31169,0.104421498,0.163248358,-0.892650865,0.892650865
 MARTA ,313103,516732,0.605929186,40568,507981,0.079861255,56,347,636,1021902,0.000339563,402290,507981,0.791939069,29,226529,43883,43883,12852,1021902,0.221673898,0.042942474,0.042942474,0.012576548,-6.06712E-05,347,636,211,152,273,-62,0.00041537,0.000206478,0.000148742,0.000267149,400016,44448,0.111115555,164773,137857,39428,10310,451053,74328,1021902,0.441385769,0.072734959,526815,1021902,0.515523993,458596,70225,0.482513,0.551232897,-0.484209869,0.484209869
 MBTA ,247070,429529,0.575211453,139478,421256,0.331100329,52,262,443,791766,0.000330906,199757,421256,0.474193839,31,172274,39448,39448,12268,791766,0.217581962,0.049822801,0.049822801,0.015494477,-2.3997E-05,262,443,148,128,167,-19,0.00035133,0.000186924,0.000161664,0.000210921,307870,99703,0.323847728,131285,60596,12858,2512,177748,179702,791766,0.224495621,0.226963522,408936,791766,0.516485931,437431,69435,0.359828535,0.4475249,-0.787638953,0.787638953
 MCTS ,223806,458805,0.487802007,24559,452312,0.054296592,37,16,23,954209,1.67678E-05,388693,452312,0.859347088,22,237512,54153,54153,20127,954209,0.24890983,0.056751718,0.056751718,0.021092863,-4.19195E-06,16,23,7,5,11,-4,1.5476E-05,7.33592E-06,5.23994E-06,1.15279E-05,382070,52231,0.136705316,159171,128418,31982,7903,252321,140575,954209,0.264429491,0.147320975,492539,954209,0.516175178,569806,40777,0.360116075,0.4028499,-0.596685465,0.596685465
 MDOT MTA ,237008,419089,0.565531426,20412,411402,0.049615704,54,84,124,827625,0.000101495,362046,411402,0.880029752,30,248920,61393,61393,20762,827625,0.300764235,0.074179731,0.074179731,0.025086241,-3.504E-05,84,124,33,29,62,-29,8.02135E-05,3.98731E-05,3.504E-05,7.49132E-05,312913,23861,0.076254422,111130,119442,40694,13098,234809,43484,827625,0.283714243,0.052540704,435204,827625,0.525846851,508001,49327,0.326593566,0.38619423,-0.56259339,0.56259339
 Metra ,1318752,2548996,0.517361345,487729,2498849,0.195181462,48,771,1540,5223719,0.000147596,1734249,2498849,0.694019126,33,1360178,314768,314768,97001,5223719,0.260384986,0.060257453,0.060257453,0.018569337,-3.17781E-05,771,1540,476,422,642,-166,0.000190488,9.11228E-05,8.07854E-05,0.000122901,1963070,347470,0.177003367,794734,590946,165673,48732,1230494,1314232,5223719,0.235558995,0.251589337,2689079,5223719,0.514782476,2957561,376115,0.361819424,0.433820809,-0.759557982,0.759557982
 METRO ,1032171,2223265,0.464259096,58647,2182197,0.026875209,41,564,1036,4602523,0.000122541,1967599,2182197,0.901659658,29,942111,169956,169956,45967,4602523,0.204694469,0.036926703,0.036926703,0.009987348,-2.19445E-05,564,1036,310,315,411,-101,0.000142059,6.73544E-05,6.84407E-05,8.92988E-05,1583486,95285,0.060174198,568034,616301,216781,65504,875347,1958963,4602523,0.190188512,0.425628074,2314228,4602523,0.502817259,2892342,320575,0.301922663,0.371574678,-0.601475862,0.601475862
 Metro Transit ,158670,281029,0.564603653,19053,275479,0.069163167,37,12,14,541493,2.2161E-05,228462,275479,0.829326373,24,140942,31977,31977,11324,541493,0.260284066,0.059053395,0.059053395,0.020912551,-7.38698E-06,12,14,3,4,7,-4,1.08901E-05,5.54024E-06,7.38698E-06,1.29272E-05,209069,21937,0.104927081,77151,78526,22532,6335,63724,40569,541493,0.117682038,0.074920636,277650,541493,0.512749011,361501,77156,0.189911966,0.332399495,-0.691491395,0.691491395
 Metro Transit St Louis ,286663,497435,0.576282328,12637,488952,0.025845073,31,503,1034,998684,0.000503663,438805,488952,0.89743983,24,313358,77284,77284,26775,998684,0.313770923,0.07738584,0.07738584,0.026810282,-2.40316E-05,503,1034,377,256,401,-24,0.000771037,0.000377497,0.000256337,0.000401528,403547,27559,0.068291921,141322,161151,53733,15087,240312,28303,998684,0.240628667,0.028340296,525074,998684,0.525765908,682964,41601,0.274480216,0.316136035,-0.492522858,0.492522858
 Metrolink ,838954,1578079,0.531629912,32564,1546371,0.021058336,38,377,810,3164182,0.000119146,1366613,1546371,0.883754933,28,828864,191277,191277,60097,3164182,0.261952062,0.060450695,0.060450695,0.018992902,-2.81273E-05,377,810,273,175,362,-89,0.000176542,8.62782E-05,5.53066E-05,0.000114406,1032373,45380,0.043956981,281436,426255,179040,70881,54732,1080195,3164182,0.017297362,0.34138207,1601753,3164182,0.506213928,1950902,635672,0.182545757,0.383441913,-0.649723567,0.649723567
 Miami-Dade Transit ,587519,1301540,0.451402953,68596,1280128,0.053585266,37,443,829,2715516,0.000163137,1096674,1280128,0.856690893,32,749998,197088,197088,61497,2715516,0.276189866,0.072578471,0.072578471,0.022646525,-3.49841E-05,443,829,211,312,306,-95,0.000164827,7.77016E-05,0.000114895,0.000112686,870051,90236,0.10371346,339061,304373,98155,30147,481976,1845646,2715516,0.177489656,0.679666774,1396889,2715516,0.514410153,2041796,43289,0.232158824,0.248100177,-0.590266291,0.590266291
 Monterey-Salinas Transit ,70160,185025,0.379192001,3154,187205,0.016847841,37,30,57,433212,6.92502E-05,152625,187205,0.815282711,23,103569,23443,23443,8152,433212,0.239072325,0.054114383,0.054114383,0.018817577,-3.23167E-05,30,57,17,9,31,-14,9.08095E-05,3.92418E-05,2.0775E-05,7.15585E-05,126052,5984,0.047472472,36916,47223,23295,8537,11200,252588,433212,0.025853393,0.583058641,212245,433212,0.489933335,256709,24342,0.351239116,0.407428695,-0.877291504,0.877291504
 Montgomery County Transit ,265583,369194,0.719358928,130661,366168,0.356833475,27,946,1845,684498,0.001382035,144993,366168,0.395973979,30,151629,34792,34792,10956,684498,0.221518544,0.05082849,0.05082849,0.01600589,-5.55151E-05,946,1845,630,547,668,-38,0.001720522,0.000920383,0.000799126,0.000975898,281322,99637,0.35417422,125351,45818,7972,1809,321317,74776,684498,0.469419925,0.109242102,359617,684498,0.525373339,280469,26718,0.55122294,0.590255925,-0.773589541,0.773589541
 MTA - Bronx Buses ,225866,595657,0.379188023,351393,578100,0.607841204,36,837,1757,1437872,0.00058211,160062,578100,0.276875973,45,329750,76973,76973,22500,1437872,0.229331957,0.053532581,0.053532581,0.015648124,-4.52057E-05,837,1757,592,508,657,-65,0.001024044,0.00041172,0.0003533,0.000456925,499728,292462,0.585242372,148883,48577,7420,1716,490823,803636,1437872,0.341353751,0.558906495,760909,1437872,0.529191055,306423,52388,0.750456925,0.786891323,-0.660506974,0.660506974
 MTA - Brooklyn Buses ,647119,1217624,0.531460451,736441,1189261,0.619242538,36,560,949,2600747,0.000215323,270106,1189261,0.227120876,43,631479,150691,150691,46962,2600747,0.242806778,0.05794143,0.05794143,0.01805712,-3.34519E-05,560,949,305,252,392,-87,0.000256462,0.000117274,9.68952E-05,0.000150726,950856,531010,0.558454698,322969,79435,13579,2832,847116,499279,2600747,0.325720264,0.191975229,1368835,2600747,0.526323783,1130251,306829,0.447435679,0.565412937,-0.695039418,0.695039418
 MTA - Manhattan Buses ,618604,897040,0.689605815,544223,879881,0.618518868,36,1110,2059,1632480,0.000679947,69923,879881,0.079468701,32,442155,115779,115779,39048,1632480,0.270848647,0.070922155,0.070922155,0.023919435,-0.000117612,1110,2059,642,583,834,-192,0.000729644,0.000393267,0.000357125,0.000510879,758133,583837,0.770098386,153156,17527,2710,547,241850,423683,1632480,0.148148829,0.259533348,860336,1632480,0.527011663,917402,196347,0.31775642,0.438031706,-0.743569625,0.743569625
 MTA - NYC Bus Company ,618604,897040,0.689605815,544223,879881,0.618518868,36,1110,2059,1632480,0.000679947,69923,879881,0.079468701,32,442155,115779,115779,39048,1632480,0.270848647,0.070922155,0.070922155,0.023919435,-0.000117612,1110,2059,642,583,834,-192,0.000729644,0.000393267,0.000357125,0.000510879,758133,583837,0.770098386,153156,17527,2710,547,241850,423683,1632480,0.148148829,0.259533348,860336,1632480,0.527011663,917402,196347,0.31775642,0.438031706,-0.679091677,0.679091677
 MTA - NYC Subway ,618604,897040,0.689605815,544223,879881,0.618518868,36,1110,2059,1632480,0.000679947,69923,879881,0.079468701,32,442155,115779,115779,39048,1632480,0.270848647,0.070922155,0.070922155,0.023919435,-0.000117612,1110,2059,642,583,834,-192,0.000729644,0.000393267,0.000357125,0.000510879,758133,583837,0.770098386,153156,17527,2710,547,241850,423683,1632480,0.148148829,0.259533348,860336,1632480,0.527011663,917402,196347,0.31775642,0.438031706,-0.715117988,0.715117988
 MTA - Queens Buses ,523680,1131527,0.462808223,568465,1098078,0.517690911,36,318,553,2298513,0.00013835,426687,1098078,0.388576221,44,634749,150893,150893,47142,2298513,0.276156367,0.065648095,0.065648095,0.020509782,-3.437E-05,318,553,155,164,234,-79,0.000141156,6.74349E-05,7.13505E-05,0.000101805,779234,286815,0.368073005,314331,136069,31946,7869,421038,643563,2298513,0.183178429,0.27999102,1183859,2298513,0.515054298,896722,580709,0.357223126,0.609868641,-0.710703577,0.710703577
 MTA - Staten Island Buses ,113098,211293,0.535266194,62230,208212,0.298878067,36,21,23,474101,4.42944E-05,133533,208212,0.641331912,44,137710,30207,30207,8801,474101,0.290465534,0.063714272,0.063714272,0.018563555,-8.43702E-06,21,23,6,7,10,-4,2.88168E-05,1.26555E-05,1.47648E-05,2.10926E-05,166152,27621,0.166239347,59820,55900,16348,4958,48591,86976,474101,0.102490819,0.18345458,244677,474101,0.516086235,352259,41427,0.169615757,0.256995872,-0.730948082,0.730948082
 MTA & RTA ,200015,373294,0.535810916,8179,365300,0.022389817,37,45,76,684017,6.57878E-05,324104,365300,0.887226937,25,158567,32142,32142,9452,684017,0.231817338,0.04699006,0.04699006,0.01381837,-1.02337E-05,45,76,23,23,30,-7,6.29619E-05,3.36249E-05,3.36249E-05,4.38586E-05,277903,18675,0.067199706,107410,105510,33631,9361,187189,69634,684017,0.273661327,0.101801563,354069,684017,0.517631872,436135,24045,0.327238943,0.362391578,-0.688292761,0.688292761
 MTS ,822573,1564930,0.525629261,47933,1603486,0.029892996,33,415,787,3302833,0.00012565,1361907,1603486,0.849341372,26,824915,188079,188079,60175,3302833,0.249759827,0.05694475,0.05694475,0.018219208,-2.78549E-05,415,787,241,213,333,-92,0.000150298,7.29677E-05,6.44901E-05,0.000100823,1118980,61486,0.054948256,341878,448852,175907,60935,166412,1106925,3302833,0.050384624,0.335144102,1640902,3302833,0.496816521,2335447,390418,0.17468882,0.292895826,-0.763794621,0.763794621
 MUNI - SFMTA ,333796,515382,0.647667167,178948,504358,0.354803532,33,494,1365,870044,0.000567787,202814,504358,0.402123095,33,233329,60188,60188,21210,870044,0.26818069,0.069178111,0.069178111,0.024378077,-0.000162061,494,1365,437,350,578,-141,0.000866448,0.000502273,0.000402279,0.000664334,359673,109968,0.305744384,147277,74284,20460,5522,45402,132651,870044,0.052183568,0.152464703,426074,870044,0.489715463,406538,297667,0.1906099,0.532738574,-0.877199469,0.877199469
 NCTD ,822573,1564930,0.525629261,47933,1603486,0.029892996,33,415,787,3302833,0.00012565,1361907,1603486,0.849341372,26,824915,188079,188079,60175,3302833,0.249759827,0.05694475,0.05694475,0.018219208,-2.78549E-05,415,787,241,213,333,-92,0.000150298,7.29677E-05,6.44901E-05,0.000100823,1118980,61486,0.054948256,341878,448852,175907,60935,166412,1106925,3302833,0.050384624,0.335144102,1640902,3302833,0.496816521,2335447,390418,0.17468882,0.292895826,-0.845886989,0.845886989
 NFTA ,236731,449109,0.527112572,17072,438586,0.038925091,50,682,1426,919866,0.000741412,391784,438586,0.893288887,21,289819,71491,71491,24554,919866,0.315066542,0.077718929,0.077718929,0.026693018,-2.39165E-05,682,1426,499,406,521,-22,0.001137747,0.00054247,0.000441369,0.000566387,387847,51601,0.133044732,151162,133877,36883,10816,123475,49413,919866,0.134231508,0.053717607,474868,919866,0.51623606,716987,31800,0.185982524,0.220552776,-0.660017828,0.660017828
 NICE Bus ,397194,684098,0.580609796,114716,671593,0.170811786,36,655,1252,1356564,0.000482838,507787,671593,0.756093348,36,423635,106320,106320,39851,1356564,0.312285303,0.078374481,0.078374481,0.029376425,-1.32688E-05,655,1252,422,390,440,-18,0.000628357,0.00031108,0.000287491,0.000324349,445517,31328,0.070318304,125703,185178,69444,25587,158708,225581,1356564,0.116992637,0.166288505,697159,1356564,0.513915304,930446,125767,0.221405699,0.314115663,-0.686799934,0.686799934
 NY Waterway ,618604,897040,0.689605815,544223,879881,0.618518868,36,1110,2059,1632480,0.000679947,69923,879881,0.079468701,32,442155,115779,115779,39048,1632480,0.270848647,0.070922155,0.070922155,0.023919435,-0.000117612,1110,2059,642,583,834,-192,0.000729644,0.000393267,0.000357125,0.000510879,758133,583837,0.770098386,153156,17527,2710,547,241850,423683,1632480,0.148148829,0.259533348,860336,1632480,0.527011663,917402,196347,0.31775642,0.438031706,-0.643839502,0.643839502
 OCTA ,838954,1578079,0.531629912,32564,1546371,0.021058336,38,377,810,3164182,0.000119146,1366613,1546371,0.883754933,28,828864,191277,191277,60097,3164182,0.261952062,0.060450695,0.060450695,0.018992902,-2.81273E-05,377,810,273,175,362,-89,0.000176542,8.62782E-05,5.53066E-05,0.000114406,1032373,45380,0.043956981,281436,426255,179040,70881,54732,1080195,3164182,0.017297362,0.34138207,1601753,3164182,0.506213928,1950902,635672,0.182545757,0.383441913,-0.740304502,0.740304502
 Omnitrans ,371901,892435,0.416726148,13503,881534,0.015317617,38,1149,1933,2135413,0.000538069,800841,881534,0.908462975,31,470226,91489,91489,25083,2135413,0.220203773,0.042843703,0.042843703,0.011746206,-7.91416E-05,1149,1933,606,552,775,-169,0.000687438,0.000283786,0.000258498,0.000362927,630633,32180,0.051028094,174806,233780,117389,49033,178404,1127813,2135413,0.083545431,0.528147482,1072941,2135413,0.502451282,1305047,149837,0.318687298,0.38885499,-0.567993728,0.567993728
 PAAC ,362410,625294,0.579583364,58433,613550,0.095237552,35,177,435,1225561,0.000144424,490530,613550,0.799494744,27,400300,102832,102832,36098,1225561,0.326625929,0.083906064,0.083906064,0.029454266,-4.48774E-05,177,435,139,102,194,-55,0.00022655,0.000113417,8.32272E-05,0.000158295,537960,71152,0.132262622,208452,190075,51509,12653,157891,24925,1225561,0.128831613,0.020337625,633931,1225561,0.517257811,981847,44791,0.16231179,0.198859135,-0.658609305,0.658609305
 Pace Bus ,1318752,2548996,0.517361345,487729,2498849,0.195181462,48,771,1540,5223719,0.000147596,1734249,2498849,0.694019126,33,1360178,314768,314768,97001,5223719,0.260384986,0.060257453,0.060257453,0.018569337,-3.17781E-05,771,1540,476,422,642,-166,0.000190488,9.11228E-05,8.07854E-05,0.000122901,1963070,347470,0.177003367,794734,590946,165673,48732,1230494,1314232,5223719,0.235558995,0.251589337,2689079,5223719,0.514782476,2957561,376115,0.361819424,0.433820809,-0.726757992,0.726757992
 Palm Tran ,587519,1301540,0.451402953,68596,1280128,0.053585266,37,443,829,2715516,0.000163137,1096674,1280128,0.856690893,32,749998,197088,197088,61497,2715516,0.276189866,0.072578471,0.072578471,0.022646525,-3.49841E-05,443,829,211,312,306,-95,0.000164827,7.77016E-05,0.000114895,0.000112686,870051,90236,0.10371346,339061,304373,98155,30147,481976,1845646,2715516,0.177489656,0.679666774,1396889,2715516,0.514410153,2041796,43289,0.232158824,0.248100177,-0.427946602,0.427946602
 Pasadena Transit ,2390559,4869658,0.490909013,294952,4749180,0.062105879,38,1937,3955,10098052,0.000191819,3963851,4749180,0.834639032,31,2478262,564884,564884,180184,10098052,0.24541981,0.055939898,0.055939898,0.017843441,-2.52524E-05,1937,3955,1302,1096,1557,-255,0.000274153,0.000128936,0.000108536,0.000154188,3306109,298364,0.090246268,1121855,1167265,462324,175081,823987,4893603,10098052,0.081598609,0.484608616,5121264,10098052,0.507153657,5186859,1469968,0.340781073,0.486350536,-0.777843986,0.777843986
 PATCO ,346569,688298,0.503515919,170009,671083,0.25333528,35,318,533,1575522,0.000201838,396741,671083,0.591195128,33,389520,90257,90257,28044,1575522,0.247232346,0.057287045,0.057287045,0.017799815,-3.23702E-05,318,533,157,168,208,-51,0.00023395,9.96495E-05,0.000106631,0.00013202,594778,180449,0.303388827,259122,120459,26559,6197,666047,227711,1575522,0.422746874,0.144530511,829979,1575522,0.526796198,648890,112651,0.516642103,0.58814285,-0.560283314,0.560283314
 PATH ,618604,897040,0.689605815,544223,879881,0.618518868,36,1110,2059,1632480,0.000679947,69923,879881,0.079468701,32,442155,115779,115779,39048,1632480,0.270848647,0.070922155,0.070922155,0.023919435,-0.000117612,1110,2059,642,583,834,-192,0.000729644,0.000393267,0.000357125,0.000510879,758133,583837,0.770098386,153156,17527,2710,547,241850,423683,1632480,0.148148829,0.259533348,860336,1632480,0.527011663,917402,196347,0.31775642,0.438031706,-0.717948975,0.717948975
 Pierce Transit ,723559,1176560,0.614978412,157462,1153731,0.136480687,32,108,156,2163257,4.99247E-05,826647,1153731,0.716498907,30,536610,110557,110557,37447,2163257,0.248056518,0.051106734,0.051106734,0.017310472,-1.84906E-06,108,156,63,26,67,-4,5.46054E-05,2.91228E-05,1.20189E-05,3.09718E-05,865627,87191,0.100725832,296838,317994,111068,35622,136054,206735,2163257,0.062893128,0.095566546,1080317,2163257,0.499393738,1404974,370908,0.179070263,0.350528393,-0.78434057,0.78434057
 PresidiGo ,333796,515382,0.647667167,178948,504358,0.354803532,33,494,1365,870044,0.000567787,202814,504358,0.402123095,33,233329,60188,60188,21210,870044,0.26818069,0.069178111,0.069178111,0.024378077,-0.000162061,494,1365,437,350,578,-141,0.000866448,0.000502273,0.000402279,0.000664334,359673,109968,0.305744384,147277,74284,20460,5522,45402,132651,870044,0.052183568,0.152464703,426074,870044,0.489715463,406538,297667,0.1906099,0.532738574,-0.921878189,0.921878189
 PSTA ,346226,665406,0.520322931,11237,660016,0.017025345,30,894,1926,1378883,0.000648351,584122,660016,0.885011878,28,353143,76896,76896,22878,1378883,0.256108024,0.055766878,0.055766878,0.016591691,-7.25225E-05,894,1926,644,538,744,-100,0.000975734,0.000467045,0.000390171,0.000539567,516478,35103,0.067966109,202159,202519,57679,14728,229200,386478,1378883,0.1662215,0.280283389,705597,1378883,0.511716368,970497,55157,0.256170393,0.296171611,-0.40468551,0.40468551
 RIPTA ,148654,310070,0.479420776,10507,300860,0.03492322,34,130,200,634533,0.000204875,264081,300860,0.877753773,25,174265,42640,42640,15464,634533,0.274635047,0.067199027,0.067199027,0.024370679,-6.30385E-06,130,200,76,44,80,-4,0.000252609,0.000119773,6.93423E-05,0.000126077,238171,29608,0.124314043,93549,81024,24423,6908,60942,141206,634533,0.096042286,0.222535313,326048,634533,0.513839312,465512,26407,0.224754268,0.266370701,-0.765910062,0.765910062
 Riverside Transit Agency ,415777,1007795,0.412561086,13077,984230,0.013286529,38,224,448,2383286,9.39879E-05,889302,984230,0.903550999,33,593801,141837,141837,39937,2383286,0.249152221,0.05951321,0.05951321,0.016757116,-3.31475E-05,224,448,130,109,209,-79,0.000132083,5.45465E-05,4.57352E-05,8.7694E-05,718349,30713,0.042754984,206473,273547,130472,52302,153545,1154517,2383286,0.064425755,0.484422348,1197098,2383286,0.502288857,1450134,152130,0.327708047,0.391540084,-0.639778041,0.639778041
 RTC Southern Nevada ,403489,1003320,0.402153849,37928,989494,0.038330702,39,372,713,2141574,0.000173704,876136,989494,0.885438416,25,551887,114012,114012,27096,2141574,0.257701578,0.053237479,0.053237479,0.012652376,-3.17523E-05,372,713,228,189,296,-68,0.000230421,0.000106464,8.82528E-05,0.000138216,767954,64390,0.083846168,292184,279706,94267,27073,245827,662081,2141574,0.114788002,0.309156256,1071795,2141574,0.500470682,1299138,205824,0.297263601,0.393372351,-0.59807738,0.59807738
 RTD ,221241,389034,0.568693225,25931,382460,0.067800554,46,162,288,693417,0.000233626,296502,382460,0.775249699,25,149293,31716,31716,10342,693417,0.215300461,0.045738711,0.045738711,0.014914546,-6.77803E-05,162,288,86,69,133,-47,0.00022486,0.000124023,9.95072E-05,0.000191804,294358,29335,0.09965756,118969,105808,29369,7981,64881,209859,693417,0.093567074,0.302644729,346229,693417,0.499308497,530278,26143,0.197566544,0.235268244,-0.775809321,0.775809321
 SamTrans ,242291,409911,0.591081967,43421,401339,0.108190333,33,128,216,765935,0.000167116,315367,401339,0.785787078,29,216832,51657,51657,17686,765935,0.283094518,0.06744306,0.06744306,0.023090732,-1.82783E-05,128,216,68,66,82,-14,0.000169433,8.87804E-05,8.61692E-05,0.000107059,261969,14038,0.053586493,76774,102301,43217,18113,17849,189002,765935,0.023303544,0.246759843,388084,765935,0.506680071,391024,215337,0.208338828,0.489481483,-0.817200798,0.817200798
 Santa Clarita Transit ,2390559,4869658,0.490909013,294952,4749180,0.062105879,38,1937,3955,10098052,0.000191819,3963851,4749180,0.834639032,31,2478262,564884,564884,180184,10098052,0.24541981,0.055939898,0.055939898,0.017843441,-2.52524E-05,1937,3955,1302,1096,1557,-255,0.000274153,0.000128936,0.000108536,0.000154188,3306109,298364,0.090246268,1121855,1167265,462324,175081,823987,4893603,10098052,0.081598609,0.484608616,5121264,10098052,0.507153657,5186859,1469968,0.340781073,0.486350536,-0.70468254,0.70468254
 Santa Cruz Metro ,68700,134904,0.509251023,3938,131355,0.029979826,37,6,7,273765,2.19166E-05,102267,131355,0.778554299,27,78736,15134,15134,4553,273765,0.287604332,0.055280989,0.055280989,0.016631052,-1.46111E-05,6,7,1,1,5,-4,7.61296E-06,3.65277E-06,3.65277E-06,1.82638E-05,95756,5234,0.05465976,28161,35061,16770,6821,2596,91676,273765,0.009482585,0.334871149,138038,273765,0.504220773,208476,12601,0.192457034,0.238485562,-0.797049025,0.797049025
 SEPTA - Bus ,346569,688298,0.503515919,170009,671083,0.25333528,35,318,533,1575522,0.000201838,396741,671083,0.591195128,33,389520,90257,90257,28044,1575522,0.247232346,0.057287045,0.057287045,0.017799815,-3.23702E-05,318,533,157,168,208,-51,0.00023395,9.96495E-05,0.000106631,0.00013202,594778,180449,0.303388827,259122,120459,26559,6197,666047,227711,1575522,0.422746874,0.144530511,829979,1575522,0.526796198,648890,112651,0.516642103,0.58814285,-0.601884812,0.601884812
 SEPTA - Rail ,346569,688298,0.503515919,170009,671083,0.25333528,35,318,533,1575522,0.000201838,396741,671083,0.591195128,33,389520,90257,90257,28044,1575522,0.247232346,0.057287045,0.057287045,0.017799815,-3.23702E-05,318,533,157,168,208,-51,0.00023395,9.96495E-05,0.000106631,0.00013202,594778,180449,0.303388827,259122,120459,26559,6197,666047,227711,1575522,0.422746874,0.144530511,829979,1575522,0.526796198,648890,112651,0.516642103,0.58814285,-0.588396043,0.588396043
 Shore Line East ,230791,427791,0.539494753,18032,420437,0.042888709,41,130,307,859339,0.000151279,363156,420437,0.863758423,25,260059,63374,63374,22629,859339,0.302626786,0.07374738,0.07374738,0.02633303,-6.98211E-05,130,307,92,63,152,-60,0.00021882,0.000107059,7.33122E-05,0.00017688,329857,38419,0.116471683,116048,114642,42447,13195,113737,151361,859339,0.132354054,0.176136542,445028,859339,0.517872458,634586,34161,0.221789073,0.26154172,-0.682289407,0.682289407
 SMART ,327635,734480,0.446077497,22458,718904,0.03123922,46,45,66,1761382,2.55481E-05,648813,718904,0.902502977,25,493264,109473,109473,35049,1761382,0.280043738,0.062151765,0.062151765,0.01989858,-2.27094E-06,45,66,23,16,27,-4,3.19931E-05,1.30579E-05,9.08378E-06,1.53289E-05,676587,93668,0.138441915,266511,220744,68840,19942,685098,103202,1761382,0.388954809,0.058591492,913734,1761382,0.518759701,937396,57380,0.435229837,0.467806529,-0.579207058,0.579207058
 SORTA - Metro ,216495,402685,0.537628668,14848,394869,0.037602344,48,13,15,812037,1.60091E-05,345772,394869,0.875662562,23,227365,52535,52535,17970,812037,0.279993399,0.064695328,0.064695328,0.022129534,-4.92588E-06,13,15,4,3,8,-4,1.01299E-05,4.92588E-06,3.69441E-06,9.85177E-06,339966,40081,0.117897084,124438,119115,39969,12189,208770,25836,812037,0.257094196,0.031816284,420309,812037,0.517598336,548291,21129,0.298775795,0.324795545,-0.558641672,0.558641672
 Sound Transit ,723559,1176560,0.614978412,157462,1153731,0.136480687,32,108,156,2163257,4.99247E-05,826647,1153731,0.716498907,30,536610,110557,110557,37447,2163257,0.248056518,0.051106734,0.051106734,0.017310472,-1.84906E-06,108,156,63,26,67,-4,5.46054E-05,2.91228E-05,1.20189E-05,3.09718E-05,865627,87191,0.100725832,296838,317994,111068,35622,136054,206735,2163257,0.062893128,0.095566546,1080317,2163257,0.499393738,1404974,370908,0.179070263,0.350528393,-0.761991603,0.761991603
 Suffolk County Transit ,387407,744693,0.52022377,48427,731739,0.066180701,36,128,219,1487901,8.60272E-05,638924,731739,0.873158326,32,445835,104102,104102,32165,1487901,0.299640231,0.069965676,0.069965676,0.021617702,-2.68835E-05,128,219,55,69,95,-40,7.51634E-05,3.69648E-05,4.63741E-05,6.38483E-05,487981,25656,0.052575818,129710,193155,88373,36409,116880,281315,1487901,0.078553613,0.189068359,755632,1487901,0.507850993,1200553,57527,0.154459873,0.193123064,-0.686755085,0.686755085
 TANK ,216495,402685,0.537628668,14848,394869,0.037602344,48,13,15,812037,1.60091E-05,345772,394869,0.875662562,23,227365,52535,52535,17970,812037,0.279993399,0.064695328,0.064695328,0.022129534,-4.92588E-06,13,15,4,3,8,-4,1.01299E-05,4.92588E-06,3.69441E-06,9.85177E-06,339966,40081,0.117897084,124438,119115,39969,12189,208770,25836,812037,0.257094196,0.031816284,420309,812037,0.517598336,548291,21129,0.298775795,0.324795545,-0.601348553,0.601348553
 TARC ,189728,380718,0.498342605,10662,372989,0.028585293,38,85,172,767154,0.000110799,332675,372989,0.891916384,22,220570,49608,49608,16058,767154,0.287517239,0.064664983,0.064664983,0.020931912,-3.78021E-05,85,172,49,45,78,-29,0.000131371,6.38724E-05,5.86584E-05,0.000101675,310318,29860,0.096223874,116812,114700,35310,9884,164685,40117,767154,0.214670066,0.052293281,396310,767154,0.51659771,551540,21319,0.253267271,0.281056998,-0.646820276,0.646820276
 TCAT ,31365,50250,0.624179104,3195,48599,0.065742093,31,8,9,102962,7.76986E-05,34515,48599,0.710199798,19,25469,5356,5356,2012,102962,0.247363105,0.052019192,0.052019192,0.01954119,-2.9137E-05,8,9,1,4,4,-3,2.05766E-05,9.71232E-06,3.88493E-05,3.88493E-05,39326,5808,0.147688552,14901,13006,3978,1174,4272,5156,102962,0.041491036,0.050076727,52139,102962,0.506390707,82924,10386,0.093743323,0.194615489,-0.90434852,0.90434852
 The Rapid ,159040,329336,0.48291107,6610,322958,0.020467058,42,3,6,643140,4.66461E-06,291813,322958,0.903563312,21,161931,35364,35364,12081,643140,0.251781883,0.054986473,0.054986473,0.018784402,-4.66461E-06,3,6,1,1,4,-3,3.09638E-06,1.55487E-06,1.55487E-06,6.21949E-06,239236,16940,0.070808741,77281,97509,33479,10284,62203,67179,643140,0.096717666,0.104454707,326406,643140,0.507519358,513126,19311,0.17212893,0.202155052,-1.023721937,1.023721937
 The Ride ,116991,187609,0.623589487,9745,183575,0.05308457,46,19,24,365961,5.19181E-05,146114,183575,0.795936266,24,89312,18485,18485,5784,365961,0.244047863,0.050510847,0.050510847,0.015804963,-2.18603E-05,19,24,6,4,14,-8,3.26842E-05,1.63952E-05,1.09301E-05,3.82554E-05,140210,11799,0.084152343,48906,54616,17091,5688,43099,16999,365961,0.11776938,0.046450305,184585,365961,0.504384347,269777,33165,0.172201409,0.26282582,-0.981206113,0.981206113
 TheBus ,229963,470748,0.488505527,42191,498142,0.084696733,41,26,38,987638,2.63254E-05,390648,498142,0.784210125,29,283923,76625,76625,28774,987638,0.287476788,0.077584095,0.077584095,0.029134156,-2.02503E-05,26,38,7,4,27,-20,1.40522E-05,7.08762E-06,4.05007E-06,2.7338E-05,311525,30359,0.097452853,105861,109499,39399,16858,23472,96562,987638,0.023765793,0.097770641,489992,987638,0.496125098,207525,419852,0.36477029,0.789877465,-0.768101266,0.768101266
 Torrance Transit ,2390559,4869658,0.490909013,294952,4749180,0.062105879,38,1937,3955,10098052,0.000191819,3963851,4749180,0.834639032,31,2478262,564884,564884,180184,10098052,0.24541981,0.055939898,0.055939898,0.017843441,-2.52524E-05,1937,3955,1302,1096,1557,-255,0.000274153,0.000128936,0.000108536,0.000154188,3306109,298364,0.090246268,1121855,1167265,462324,175081,823987,4893603,10098052,0.081598609,0.484608616,5121264,10098052,0.507153657,5186859,1469968,0.340781073,0.486350536,-0.715577034,0.715577034
 TriMet ,243825,430606,0.566236885,49618,422229,0.117514429,34,262,475,798647,0.000328055,292797,422229,0.693455447,27,195329,37934,37934,12646,798647,0.244574887,0.047497831,0.047497831,0.01583428,-7.01186E-05,262,475,150,119,206,-56,0.000355257,0.000187818,0.000149002,0.000257936,321968,40966,0.127236247,123283,109571,34522,9804,43397,91130,798647,0.054338149,0.114105481,402994,798647,0.504595898,621439,58124,0.149107178,0.221885263,-0.73733957,0.73733957
 Tri-Rail ,587519,1301540,0.451402953,68596,1280128,0.053585266,37,443,829,2715516,0.000163137,1096674,1280128,0.856690893,32,749998,197088,197088,61497,2715516,0.276189866,0.072578471,0.072578471,0.022646525,-3.49841E-05,443,829,211,312,306,-95,0.000164827,7.77016E-05,0.000114895,0.000112686,870051,90236,0.10371346,339061,304373,98155,30147,481976,1845646,2715516,0.177489656,0.679666774,1396889,2715516,0.514410153,2041796,43289,0.232158824,0.248100177,-0.420538236,0.420538236
 U-M Transit ,116991,187609,0.623589487,9745,183575,0.05308457,46,19,24,365961,5.19181E-05,146114,183575,0.795936266,24,89312,18485,18485,5784,365961,0.244047863,0.050510847,0.050510847,0.015804963,-2.18603E-05,19,24,6,4,14,-8,3.26842E-05,1.63952E-05,1.09301E-05,3.82554E-05,140210,11799,0.084152343,48906,54616,17091,5688,43099,16999,365961,0.11776938,0.046450305,184585,365961,0.504384347,269777,33165,0.172201409,0.26282582,-1.045262296,1.045262296
 University of California Berkeley - Bear Transit ,502525,847170,0.593180826,116644,767292,0.152020352,33,33,39,1643700,2.00767E-05,547295,767292,0.713281254,33,415473,89097,89097,28149,1643700,0.252766928,0.054205147,0.054205147,0.017125388,-2.43353E-06,33,39,11,13,15,-4,1.43361E-05,6.69222E-06,7.90899E-06,9.12575E-06,572870,54816,0.09568663,182927,207627,84396,30510,177135,369061,1643700,0.107766016,0.224530632,836529,1643700,0.508930462,681725,486434,0.28931131,0.585249741,-0.963870679,0.963870679
 UTA ,309207,576623,0.536237715,21867,569309,0.038409721,33,137,234,1120805,0.000122234,491407,569309,0.863163941,22,228256,45486,45486,13008,1120805,0.203653624,0.040583331,0.040583331,0.011605944,-2.40898E-05,137,234,75,57,102,-27,0.000131739,6.69162E-05,5.08563E-05,9.1006E-05,369429,19253,0.052115562,104167,150697,62725,22523,20539,203140,1120805,0.018325222,0.18124473,558262,1120805,0.498090212,887562,45043,0.167915025,0.208103104,-0.758050586,0.758050586
 Valley Metro ,1024872,2004236,0.511352954,44412,1976339,0.022471853,35,492,982,4253913,0.000115658,1724792,1976339,0.872720723,26,1096423,256545,256545,72967,4253913,0.257744575,0.060308003,0.060308003,0.017152913,-1.76308E-05,492,982,334,239,409,-75,0.000168999,7.85159E-05,5.61836E-05,9.61468E-05,1520767,93549,0.061514354,549622,589280,204391,62304,232690,1311091,4253913,0.054700225,0.308208231,2149768,4253913,0.505362475,3301814,176740,0.182269595,0.223817224,-0.592635245,0.592635245
 VIA ,429049,887464,0.483455104,22590,889387,0.025399517,33,661,1085,1925865,0.000343222,801428,889387,0.901101545,25,426074,91238,91238,26143,1925865,0.22123773,0.047375076,0.047375076,0.013574679,-4.2059E-05,661,1085,357,290,438,-81,0.0004014,0.000185371,0.000150582,0.00022743,632574,45852,0.0724848,224666,240336,86311,26842,146703,1155505,1925865,0.076175121,0.599992731,975835,1925865,0.506699587,1535359,54366,0.174539752,0.202769145,-0.483701607,0.483701607
 Via Mobility Services - Boulder ,221241,389034,0.568693225,25931,382460,0.067800554,46,162,288,693417,0.000233626,296502,382460,0.775249699,25,149293,31716,31716,10342,693417,0.215300461,0.045738711,0.045738711,0.014914546,-6.77803E-05,162,288,86,69,133,-47,0.00022486,0.000124023,9.95072E-05,0.000191804,294358,29335,0.09965756,118969,105808,29369,7981,64881,209859,693417,0.093567074,0.302644729,346229,693417,0.499308497,530278,26143,0.197566544,0.235268244,-0.966515531,0.966515531
 VTA ,611494,985838,0.620278382,43180,955422,0.045194689,33,266,587,1922200,0.000138383,817073,955422,0.855195924,29,468506,108902,108902,33780,1922200,0.243734263,0.056654875,0.056654875,0.017573614,-2.60119E-05,266,587,182,173,232,-50,0.000190492,9.46832E-05,9.0001E-05,0.000120695,635525,32645,0.05136698,173777,258208,108511,41862,48058,495455,1922200,0.025001561,0.257754136,951731,1922200,0.495125897,865460,689176,0.191220477,0.549755489,-0.775282078,0.775282078
 West Hollywood - WeHo ,2390559,4869658,0.490909013,294952,4749180,0.062105879,38,1937,3955,10098052,0.000191819,3963851,4749180,0.834639032,31,2478262,564884,564884,180184,10098052,0.24541981,0.055939898,0.055939898,0.017843441,-2.52524E-05,1937,3955,1302,1096,1557,-255,0.000274153,0.000128936,0.000108536,0.000154188,3306109,298364,0.090246268,1121855,1167265,462324,175081,823987,4893603,10098052,0.081598609,0.484608616,5121264,10098052,0.507153657,5186859,1469968,0.340781073,0.486350536,-0.81886512,0.81886512
 WMATA ,265583,369194,0.719358928,130661,366168,0.356833475,27,946,1845,684498,0.001382035,144993,366168,0.395973979,30,151629,34792,34792,10956,684498,0.221518544,0.05082849,0.05082849,0.01600589,-5.55151E-05,946,1845,630,547,668,-38,0.001720522,0.000920383,0.000799126,0.000975898,281322,99637,0.35417422,125351,45818,7972,1809,321317,74776,684498,0.469419925,0.109242102,359617,684498,0.525373339,280469,26718,0.55122294,0.590255925,-0.708240222,0.708240222
