_id,B,L_corona,b,convergent_point,country,county,county_FIPS,divergent_point,k,k_corona,l_corona,lat,lon,metro_area,modified_at,modified_at_corona,name,state,state_FIPS,t0,t0_corona,google_trend,distance,stretch_factor,average_procrustes_distance,first_peak_normal,first_peak_actual,second_peak_normal,second_peak_actual,first_peak_diff,second_peak_diff,pandemic_day_1,pandemic_day_2,pandemic_day_3,pandemic_day_4,pandemic_day_5,pandemic_day_6,pandemic_day_7,pandemic_day_10,pandemic_day_20,pandemic_day_30,pandemic_day_40,pandemic_day_50,pandemic_day_100
5e88da2b7e859234c8cba942,-0.855558979,203.1079438,-0.02416737,37.15028586,US,Alameda,6001,16.8746572,0.361375887,0.046292315,-90.22608045,37.77,-122.27,SF Bay Area,20200502,20200502,AC Transit,California,6,27.01247153,51,33,0.528951502,3.044767154,0.642796243,8,7.62962963,16.28571429,14.64285714,-0.5,-1.642857143,1,5,7,9,11,11,11,13,15,16,18,19,20
5e88da2b7e859234c8cba943,-0.755555951,914.5017569,0.017215013,39.3722266,US,Los Angeles,6037,17.52012829,0.33530525,0.058254087,-693.6155376,33.97,-118.24,Los Angeles,20200502,20200502,ART,California,6,28.44617744,42,38,0.220299086,2.186147797,0.546929325,7.173913043,7.964285714,16.07142857,15.89285714,0.608695652,-0.178571429,-37,1,1,1,1,1,1,2,6,10,10,11,14
5e88da2b7e859234c8cba945,-0.790016463,914.5017569,0.03738492,39.47172776,US,Los Angeles,6037,17.13484801,0.328028058,0.058254087,-693.6155376,33.97,-118.24,Los Angeles,20200502,20200502,Beach Cities Transit,California,6,28.30328788,42,38,0.415902866,2.225887934,0.59660656,7.192307692,8.392857143,16.35714286,15.82142857,1.153846154,-0.535714286,-37,1,1,1,1,1,1,2,6,10,10,11,14
5e88da2b7e859234c8cba946,-0.684373662,4463.663896,-0.002748797,39.79819827,US,Westchester,36119,18.07447537,0.337286722,0.036733745,-2892.992233,41.29,-73.76,NYC,20200502,20200502,Bee-Line,New York,36,28.93633682,42,36,0.290995735,1.928524738,0.453849444,7.2,6.857142857,15.28571429,15.64285714,-0.36,0.357142857,-1,0,0,0,0,0,0,0,3,3,3,3,6
5e88da2b7e859234c8cba947,-0.792873044,914.5017569,0.01549293,36.46453899,US,Los Angeles,6037,18.52330971,0.408395834,0.058254087,-693.6155376,33.97,-118.24,Los Angeles,20200502,20200502,Big Blue Bus,California,6,27.49392435,42,38,0.254793326,2.709004441,0.441320057,7.047619048,7.392857143,16.32142857,15.57142857,0.333333333,-0.75,-38,0,0,0,0,0,0,1,5,9,9,10,13
5e88da2b7e859234c8cba948,-0.820928319,635.1294285,0.034946263,43.62894635,US,Suffolk,25025,19.58238774,0.304705692,0.059117332,-424.1275053,42.35,-71.06,Boston,20200502,20200502,Brockton Area Transit,Massachusetts,25,31.60566704,46,52,0.515658241,1.301455414,0.551206821,7,8.464285714,14.96428571,14.89285714,1.4,-0.071428571,-33,1,1,3,3,3,3,4,5,10,12,13,16
5e88da2b7e859234c8cba949,-0.575020945,1599.492099,0.007184839,41.48599394,US,Miami-Dade,12086,19.11574118,0.32753869,0.046265251,-773.8758461,25.86,-80.29,Miami,20200502,20200502,Broward County Transit,Florida,12,30.30086756,51,37,0.099220207,1.396343491,0.419625807,7.56,7.678571429,16,15.92857143,-0.04,-0.071428571,7,7,8,8,8,8,8,9,11,12,12,13,14
5e88da2b7e859234c8cba94b,-0.76271529,6.654308991,-0.003660106,38.5388236,US,Austin,48015,19.58483583,0.386574233,0.040363876,-1.224190928,29.94,-96.25,Austin,20200502,20200502,Capital Metro,Texas,48,29.06182972,76,41,0.519178335,2.134355708,0.681356923,8.05,9.178571429,16.42857143,14.60714286,0.95,-1.821428571,20,22,28,28,31,33,34,38,None,None,None,None,None
5e88da2b7e859234c8cba94c,-0.896583079,171.0244356,0.014600623,39.12772583,US,Sacramento,6067,14.06362337,0.292335355,0.039960843,-93.53550391,38.58,-121.49,SF Bay Area,20200502,20200502,Capitol Corridor,California,6,26.5956746,47,33,0.39822479,2.731561652,0.69679537,8.095238095,8.464285714,16.85714286,15.64285714,0.19047619,-1.214285714,-8,-2,9,9,9,9,9,9,14,15,17,20,25
5e88da2b7e859234c8cba94d,-0.723050676,154.0070859,-0.01001507,46.50575144,US,Charleston,45019,18.29492275,0.259727333,0.033532752,-58.44016899,32.78,-79.99,Charleston,20200502,20200502,CARTA,South Carolina,45,32.40033709,59,49,,,,,,,,,,2,13,13,14,15,17,17,18,19,19,21,21,24
5e88da2b7e859234c8cba94e,-0.827391911,111.2290377,0.014514314,34.89399939,US,Albany,36001,22.97641555,0.614816173,0.05166137,-36.54995106,42.45,-74.03,Albany,20200502,20200502,CDTA,New York,36,28.93520747,53,64,,,,,,,,,,4,5,6,6,6,7,7,8,9,10,11,12,13
5e88da2b7e859234c8cba94f,-0.873917622,1096.47919,0.03401724,41.00002384,US,King,53033,4.202218503,0.199118486,0.032164781,-764.5689873,47.3,-122.26,Seattle,20200502,20200502,City of Seattle,Washington,53,22.60112117,38,32,,,,,,,,,,-28,10,10,10,10,10,11,12,13,14,15,15,19
5e88da2b7e859234c8cba950,-0.879486533,1096.47919,0.044556726,44.47476499,US,King,53033,2.057079136,0.172737459,0.032164781,-764.5689873,47.3,-122.26,Seattle,20200502,20200502,Community Transit,Washington,53,23.26592206,38,32,0.175117528,2.670537669,0.549839737,7.5,8.107142857,16.75,15.78571429,0.4,-0.964285714,-26,12,12,12,12,12,13,14,15,16,17,17,21
5e88da2b7e859234c8cba951,-0.613051069,225.1703266,0.014165447,39.89647581,US,Franklin,39049,17.41167973,0.325870124,0.056711297,-77.17950221,40.07,-83.18,Columbus,20200502,20200502,COTA,Ohio,39,28.65407777,56,47,0.240503679,1.649979398,0.547605698,8.142857143,8.518518519,15.92857143,15.07142857,0.238095238,-0.857142857,11,12,12,14,15,15,15,16,18,19,20,21,23
5e88da2b7e859234c8cba952,-0.750471803,129.3703575,-0.017860263,35.56032099,US,Contra Costa,6013,17.511983,0.405972189,0.039892476,-70.88621907,37.86,-121.64,SF Bay Area,20200502,20200502,County Connection,California,6,26.53615199,46,33,,,,,,,,,,1,3,3,5,5,5,5,7,10,13,15,18,22
5e88da2b7e859234c8cba953,-0.790537124,1632.342685,-0.013864387,36.47615343,US,Cook,17031,20.39162776,0.455538661,0.059125123,-1071.171274,42.09,-87.98,Chicago,20200502,20200502,CTA,Illinois,17,28.4338906,45,48,0.362432805,2.259958984,0.59084432,7.7,8.576923077,16.42857143,14.89285714,0.277777778,-1.535714286,-42,-35,-5,-4,-1,1,2,3,5,7,7,8,11
5e88da2b7e859234c8cba954,-0.739038192,83.65417147,-0.0105613,43.2042793,US,Clark,53011,17.03279087,0.279965861,0.038335942,-30.31621442,45.93,-122.44,Vancouver,20200502,20200502,C-TRAN,Washington,53,30.11853508,58,34,,,,,,,,,,4,11,11,13,17,17,18,19,23,23,23,24,27
5e88da2b7e859234c8cba955,-0.642143593,375.1890583,0.037357408,38.12601663,US,Hartford,9003,20.24797558,0.40983927,0.064422373,-162.3239125,41.87,-72.67,Hartford,20200502,20200502,CTTransit Hartford,Connecticut,9,29.1869961,55,41,0.115933302,1.58178156,0.380975704,8,8.409090909,15.64285714,14.53571429,0.125,-1.107142857,8,9,9,10,11,11,11,12,14,15,16,16,19
5e88da2b7e859234c8cba956,-0.720319298,375.1890583,0.05793698,37.3375144,US,Hartford,9003,20.23599581,0.428448693,0.064422373,-162.3239125,41.87,-72.67,New Britain,20200502,20200502,CTTransit New Britain,Connecticut,9,28.78675511,55,41,,,,,,,,,,8,9,9,10,11,11,11,12,14,15,16,16,19
5e88da2b7e859234c8cba957,-0.641377044,591.7614566,0.01840541,39.41081796,US,New Haven,9009,19.21636206,0.362828458,0.061117125,-259.5698548,41.34,-73.06,New Haven,20200502,20200502,CTTransit New Haven,Connecticut,9,29.31359001,55,41,0.325059116,1.569213918,0.452699799,7.894736842,9.68,14.85714286,14.53571429,1.941176471,-0.321428571,9,10,10,11,12,12,12,13,14,18,18,19,20
5e88da2b7e859234c8cba958,-0.718262058,1216.115113,0.034138008,39.50410301,US,Fairfield,9001,18.44820743,0.347984405,0.05102226,-552.9252516,41.39,-73.31,Stamford,20200502,20200502,CTTransit Stamford,Connecticut,9,28.97615522,52,36,,,,,,,,,,5,7,8,8,9,10,10,10,12,13,13,14,15
5e88da2b7e859234c8cba959,-0.815204045,914.5017569,0.012217541,36.66648136,US,Los Angeles,6037,18.08131025,0.394245673,0.058254087,-693.6155376,33.97,-118.24,Los Angeles,20200502,20200502,Culver CityBus,California,6,27.37389581,42,38,0.349503612,2.881464757,0.473328666,7.04,8.185185185,16.5,15.42857143,1.125,-1.071428571,-38,0,0,0,0,0,0,1,5,9,9,10,13
5e88da2b7e859234c8cba95a,-0.562242136,385.0081566,0.018375512,39.7694293,US,Dallas,48113,20.13521732,0.373181429,0.04792137,-174.7308492,32.96,-96.83,Dallas,20200502,20200502,DART,Texas,48,29.95232331,51,46,,,,,,,,,,4,4,6,7,7,7,7,9,13,13,13,13,17
5e88da2b7e859234c8cba95b,-0.792583481,296.7919865,-0.010674464,49.96146826,US,Washington,11001,16.01369948,0.215835195,0.056048623,-154.4851199,38.89,-77.03,Washington D.C.,20200502,20200502,DC Circulator,D.C,11,32.98758387,49,27,0.350809517,1.28469796,0.588128446,8,7.185185185,16.39285714,15.28571429,-1.65,-1.107142857,6,6,7,7,9,9,9,9,14,15,17,17,20
5e88da2b7e859234c8cba95c,-0.687871047,3029.072626,0.034600339,44.84758881,US,Wayne,26163,16.38572143,0.257436492,0.040308596,-1466.278802,42.25,-83.21,Detroit,20200502,20200502,DDOT,Michigan,26,30.61665512,51,46,0.164594017,1.564974889,0.402943324,8.1,9.631578947,14.85714286,14.89285714,1.285714286,0.035714286,8,11,11,11,11,11,12,13,16,17,17,17,17
5e88da2b7e859234c8cba95d,-0.672843043,296.7919865,0.005104459,53.65803707,US,Washington,11001,15.16505768,0.190349602,0.056048623,-154.4851199,38.89,-77.03,Washington D.C.,20200502,20200502,Fairfax Connector,D.C,11,34.41154737,49,27,0.075795636,1.190040149,0.324350903,7,6.925925926,15.57142857,15.03571429,-0.153846154,-0.535714286,7,7,8,8,10,10,10,10,15,16,18,18,21
5e88da2b7e859234c8cba95e,-0.744297077,914.5017569,0.021253151,35.87406996,US,Los Angeles,6037,18.90316416,0.431746153,0.058254087,-693.6155376,33.97,-118.24,Los Angeles,20200502,20200502,Foothill Transit,California,6,27.38861706,42,38,0.139152887,2.31330742,0.418618701,7.047619048,8.142857143,15.5,15.07142857,0.857142857,-0.428571429,-38,0,0,0,0,0,0,1,5,9,9,10,13
5e88da2b7e859234c8cba95f,-0.651210293,305.7231612,-0.007669205,38.26238859,US,Cuyahoga,39035,20.57264339,0.414201743,0.04347532,-135.3280332,41.36,-81.86,Cleveland,20200502,20200502,GCRTA,Ohio,39,29.41751599,51,48,0.227727692,1.850222351,0.525303089,7.4,9,15.32142857,14.89285714,1.5,-0.428571429,3,3,3,7,7,7,8,8,10,11,13,13,16
5e88da2b7e859234c8cba960,-0.775146035,914.5017569,0.017972629,35.24835723,US,Los Angeles,6037,20.17849114,0.486210246,0.058254087,-693.6155376,33.97,-118.24,Los Angeles,20200502,20200502,Glendale Beeline,California,6,27.71342419,42,38,,,,,,,,,,-40,-2,-2,-2,-2,-2,-2,-1,3,7,7,8,11
5e88da2b7e859234c8cba962,-0.577447172,63.26695347,0.00479428,46.74900761,US,Montgomery,39113,16.13844711,0.239365865,0.04502339,-20.19486531,39.83,-84.41,Dayton,20200502,20200502,Greater Dayton RTA,Ohio,39,31.44372736,61,46,0.25668617,1.289873087,0.455085903,7.454545455,8.666666667,14.92857143,14,1.166666667,-0.928571429,17,20,20,20,20,21,21,22,26,28,30,32,35
5e88da2b7e859234c8cba963,-0.824982812,107.5728806,0.001151041,37.17288497,US,Multnomah,41051,22.38323146,0.495422242,0.048626367,-37.70467913,45.55,-122.27,Portland,20200502,20200502,Greater Portland Metro Bus,Oregon,41,29.77805822,57,34,,,,,,,,,,2,8,9,11,11,11,11,12,15,17,18,19,22
5e88da2b7e859234c8cba964,-0.649904438,914.5017569,-0.013603797,36.80933162,US,Los Angeles,6037,18.54856182,0.40124942,0.058254087,-693.6155376,33.97,-118.24,Los Angeles,20200502,20200502,GTrans,California,6,27.67894672,42,38,0.179997949,2.08897525,0.396856099,7,8.071428571,16.25,15.07142857,0.818181818,-1.178571429,-38,0,0,0,0,0,0,1,5,9,9,10,13
5e88da2b7e859234c8cba965,-0.687045913,375.1890583,0.051083091,40.87656442,US,Hartford,9003,18.77443785,0.331512141,0.064422373,-162.3239125,41.87,-72.67,Hartford,20200502,20200502,Hartford Line,Connecticut,9,29.82550114,55,41,,,,,,,,,,10,11,11,12,13,13,13,14,16,17,18,18,21
5e88da2b7e859234c8cba966,-0.664381859,27.75466433,0.039906217,62.19410279,US,Hampton,51650,12.46760987,0.147348483,0.04853959,-6.777787401,37.036325,-76.354938,Hampton,20200502,20200502,HRT,Virginia,51,37.33085633,66,36,,,,,,,,,,28,29,29,29,29,30,30,33,36,37,38,41,57
5e88da2b7e859234c8cba967,-0.377477632,180.177227,0.015908865,40.26868137,US,Jackson,29095,16.81277786,0.312378642,0.043128277,-63.26932593,38.91,-94.38,Kansas City,20200502,20200502,KCATA,Missouri,29,28.54072962,58,40,,,,,,,,,,16,18,18,18,18,18,18,18,21,22,23,23,25
5e88da2b7e859234c8cba968,-0.825406449,1096.47919,0.0247924,43.14289357,US,King,53033,5.466895834,0.19447722,0.032164781,-764.5689873,47.3,-122.26,Seattle,20200502,20200502,King County Metro,Washington,53,24.3048947,38,32,0.460414831,2.756676352,0.530750502,7.65,7.821428571,16.53571429,15.89285714,-0.15,-0.642857143,-29,9,9,9,9,9,10,11,12,13,14,14,18
5e88da2b7e859234c8cba969,-0.747900889,914.5017569,0.018747621,37.75626011,US,Los Angeles,6037,18.02640311,0.371372347,0.058254087,-693.6155376,33.97,-118.24,Los Angeles,20200502,20200502,LA DOT,California,6,27.89133161,42,38,0.26706574,2.238020045,0.394252049,7,7.24,15.03571429,15.07142857,0,0.035714286,-38,0,0,0,0,0,0,1,5,9,9,10,13
5e88da2b7e859234c8cba96a,-0.726009433,914.5017569,0.008637337,37.41322955,US,Los Angeles,6037,18.18378766,0.381036711,0.058254087,-693.6155376,33.97,-118.24,Los Angeles,20200502,20200502,LA Metro - Bus,California,6,27.7985086,42,38,0.264184388,2.287202048,0.378196926,7,7.357142857,15,14.96428571,0.1,-0.035714286,-38,0,0,0,0,0,0,1,5,9,9,10,13
5e88da2b7e859234c8cba96b,-0.752907728,914.5017569,0.013359402,36.17876704,US,Los Angeles,6037,18.80354109,0.421699454,0.058254087,-693.6155376,33.97,-118.24,Los Angeles,20200502,20200502,LA Metro - Rail,California,6,27.49115406,42,38,0.253554749,2.37917869,0.405106115,7,7.142857143,16.32142857,15.32142857,0,-1,-38,0,0,0,0,0,0,1,5,9,9,10,13
5e88da2b7e859234c8cba96c,-0.724810478,515.3281952,-0.025253465,38.85546725,US,Clark,32003,22.74016897,0.454668798,0.04499512,-246.6162898,36.14,-115.28,Las Vegas,20200502,20200502,Las Vegas Monorail,Nevada,32,30.79781811,50,39,0.212900249,1.391423084,0.533969063,8.375,7.892857143,15.60714286,14.71428571,-1,-0.892857143,-3,0,2,2,2,4,4,5,8,8,9,11,12
5e88da2b7e859234c8cba96d,-0.744594343,914.5017569,0.011371344,37.60110973,US,Los Angeles,6037,18.3462894,0.380534493,0.058254087,-693.6155376,33.97,-118.24,Los Angeles,20200502,20200502,Long Beach Transit,California,6,27.97369956,42,38,0.149860715,2.020640483,0.41798214,7,8.321428571,15,14.96428571,1.25,-0.035714286,-38,0,0,0,0,0,0,1,5,9,9,10,13
5e88da2b7e859234c8cba96e,-0.708052637,4576.800308,0.005564802,41.2299768,US,Suffolk,36103,17.35261638,0.306864878,0.044041966,-2387.822334,40.81,-73.04,NYC,20200502,20200502,Long Island Rail Road,New York,36,29.29129659,49,36,0.158250689,1.874928796,0.451953725,7.307692308,6.857142857,16.21428571,15.75,-0.461538462,-0.464285714,5,8,8,8,8,8,9,9,9,11,11,13,15
5e88da2b7e859234c8cba96f,-0.609117587,329.5779586,-0.004153895,40.49198245,US,Orange,12095,21.73117575,0.39055481,0.03834066,-137.6323832,28.68,-81.51,Orlando,20200502,20200502,Lynx,Florida,12,31.1115791,55,35,,,,,,,,,,6,7,9,10,10,10,11,11,13,15,16,17,19
5e88da2b7e859234c8cba970,-0.903323168,139.8255813,-0.003697834,33.12161917,US,Dane,55025,24.0361675,0.806467698,0.029718348,-67.62303566,42.86,-89.53,Madison,20200502,20200502,Madison Metro,Wisconsin,55,28.57889333,52,38,0.484544374,3.872066351,0.826153472,8.227272727,8.821428571,16.42857143,15.39285714,0.5,-1.035714286,-1,-1,3,3,3,4,6,6,8,10,11,12,16
5e88da2b7e859234c8cba971,-0.523029564,354.0622091,0.00027204,37.49074169,US,Fulton,13121,19.72807107,0.412501219,0.04501487,-177.9371528,34.06,-84.27,Atlanta,20200502,20200502,MARTA,Georgia,13,28.60940638,49,56,,,,,,,,,,-2,-2,2,4,4,6,7,9,10,12,13,14,17
5e88da2b7e859234c8cba972,-0.806777536,635.1294285,-0.000730233,40.7800849,US,Suffolk,25025,17.85326484,0.319587421,0.059117332,-424.1275053,42.35,-71.06,Boston,20200502,20200502,MBTA,Massachusetts,25,29.31667487,46,52,0.48176442,1.748039994,0.571112178,7,7,16.03571429,14.82142857,-0.15,-1.214285714,-31,3,3,5,5,5,5,6,7,12,14,15,18
5e88da2b7e859234c8cba973,-0.572928085,460.8421377,0.006170537,34.13186818,US,Milwaukee,55079,25.24949273,0.824905831,0.042638219,-200.3583612,42.94,-87.86,Milwaukee County,20200502,20200502,MCTS,Wisconsin,55,29.69068046,52,37,0.180739054,1.48139342,0.506195879,8.1,8.48,15.25,14.39285714,0.277777778,-0.857142857,2,2,3,3,3,3,4,5,6,7,7,8,10
5e88da2b7e859234c8cba97e,-0.566670906,241.2378027,-0.006152809,41.9579659,US,Baltimore,24005,18.27725898,0.309413199,0.058759009,-97.55372098,39.51,-76.49,Baltimore,20200502,20200502,MDOT MTA,Maryland,24,30.11761244,55,54,0.409200947,1.614545056,0.451915965,7,6.347826087,15,15,-0.85,0,7,9,10,12,13,13,14,14,18,19,20,21,23
5e88da2b7e859234c8cba974,-0.759471079,1632.342685,0.018048052,36.47450014,US,Cook,17031,21.41120531,0.486422352,0.059125123,-1071.171274,42.09,-87.98,Chicago,20200502,20200502,Metra,Illinois,17,28.94285272,45,48,0.320241863,1.838054536,0.558073138,7.25,8.75,16.28571429,14.85714286,1.15,-1.428571429,-43,-36,-6,-5,-2,0,1,2,4,6,6,7,10
5e88da2b7e859234c8cba975,-0.674892852,491.9236061,0.025526456,46.74103744,US,Harris,48201,15.8516458,0.237205167,0.052070852,-315.280179,29.76,-95.38,Houston,20200502,20200502,METRO,Texas,48,31.29634162,47,41,0.187356455,1.421005961,0.495316315,7,8.185185185,15.78571429,14.89285714,1.285714286,-0.892857143,4,4,5,6,6,8,9,13,19,19,22,22,24
5e88da2b7e859234c8cba978,-0.700164609,28.61526243,-0.031096079,37.7207203,US,Ramsey,27123,20.83193214,0.433845414,0.057241766,-8.852935466,44.94,-93.1,Minneapolis-Saint Paul,20200502,20200502,Metro Transit,Minnesota,27,29.27632622,54,37,0.520112816,1.857149896,0.612929845,7,6.411764706,15.71428571,15.07142857,-0.333333333,-0.642857143,0,5,6,8,10,10,13,13,17,20,22,24,32
5e88da2b7e859234c8cba977,-0.591154027,472.6026057,0.020474147,48.96972131,US,St Louis,29189,4.686982903,0.16546229,0.048473851,-169.6395619,38.65,-90.58,St. Louis,20200502,20200502,Metro Transit St Louis,Missouri,29,26.82835211,57,31,0.083861682,1.557620741,0.34337153,8.153846154,7.95,15.28571429,14.92857143,-0.333333333,-0.357142857,18,23,29,29,29,29,29,30,31,33,33,33,34
5e88da2b7e859234c8cba979,-0.681829268,269.8362605,0.019263039,35.60042548,US,Orange,6059,18.86846848,0.437911913,0.045877207,-128.6760317,33.84,-118,Los Angeles,20200502,20200502,Metrolink,California,6,27.23444698,49,38,0.117302304,2.193114173,0.354495209,7,7.48,15.53571429,15.42857143,0.3,-0.107142857,-38,0,0,5,5,7,9,9,12,14,14,15,19
5e88da2b7e859234c8cba97b,-0.636931307,1599.492099,0.006757629,40.03024692,US,Miami-Dade,12086,22.06460403,0.407840862,0.046265251,-773.8758461,25.86,-80.29,Miami,20200502,20200502,Miami-Dade Transit,Florida,12,31.04742548,51,37,0.085565779,1.461002125,0.378209556,7.214285714,7.607142857,15.89285714,15.10714286,0.392857143,-0.785714286,4,4,5,5,5,5,5,6,8,9,9,10,11
5e88da2b7e859234c8cba97c,-0.917393363,32.58774429,0.006715607,40.01303336,US,Monterey,6053,17.87708932,0.331005684,0.051895301,-8.147005263,35.85,-120.8,Monterey,20200502,20200502,Monterey-Salinas Transit,California,6,28.94506134,61,37,0.116237265,1.973099173,0.755403618,7.7,9.222222222,15.89285714,14.03571429,1.842105263,-1.857142857,15,15,17,17,17,20,20,20,20,25,28,30,42
5e88da2b7e859234c8cba97d,-0.821270184,296.7919865,0.012113628,52.14755902,US,Washington,11001,16.96839713,0.208280212,0.056048623,-154.4851199,38.89,-77.03,Washington D.C.,20200502,20200502,Montgomery County Transit,D.C,11,34.55797808,49,27,0.134926267,1.28328305,0.322913115,7.095238095,6.892857143,15,14.96428571,-0.761904762,-0.035714286,6,6,7,7,9,9,9,9,14,15,17,17,20
5e88da2b7e859234c8cba980,-0.680578709,5025.211184,-0.004749186,37.43625542,US,Bronx,36005,20.64749667,0.436430316,0.044662869,-2443.990145,40.71,-73.99,NYC,20200502,20200502,MTA - Bronx Buses,New York,36,29.04187605,50,36,0.34797589,1.913036158,0.456073172,7.166666667,7,15.10714286,15.14285714,-0.166666667,0.035714286,2,3,4,6,6,6,6,6,9,10,11,11,12
5e88da2b7e859234c8cba981,-0.712065426,6728.076212,-0.009616089,36.99084612,US,Kings,36047,20.20929248,0.436617697,0.041254132,-3531.169164,40.71,-73.99,NYC,20200502,20200502,MTA - Brooklyn Buses,New York,36,28.6000693,48,36,0.245389488,2.083949135,0.463850563,7.166666667,6.892857143,16.10714286,15.67857143,-0.291666667,-0.428571429,-1,1,1,3,4,4,4,4,6,8,9,9,11
5e88da2b7e859234c8cba982,-0.765231463,3495.330122,-0.006459719,36.90182628,US,New York,36061,19.2361775,0.414766725,0.038018903,-2026.870456,40.71,-73.99,NYC,20200502,20200502,MTA - Manhattan Buses,New York,36,28.06900189,45,36,0.286883162,2.210216172,0.58308755,7.166666667,6.571428571,16.5,15.53571429,-0.666666667,-0.964285714,-3,0,0,1,2,2,2,4,7,7,9,9,11
5e88da2b7e859234c8cba983,-0.701524059,3495.330122,-0.007223089,37.44896808,US,New York,36061,19.88764523,0.417230715,0.038018903,-2026.870456,40.71,-73.99,NYC,20200502,20200502,MTA - NYC Bus Company,New York,36,28.66830665,45,36,0.265343479,2.028243636,0.464813847,7.166666667,6.821428571,15.53571429,15.42857143,-0.375,-0.107142857,-3,0,0,1,2,2,2,4,7,7,9,9,11
5e88da2b7e859234c8cba984,-0.727072874,3495.330122,-0.010617924,36.92113979,US,New York,36061,20.42205854,0.444092806,0.038018903,-2026.870456,40.71,-73.99,NYC,20200502,20200502,MTA - NYC Subway,New York,36,28.67159917,45,36,0.265763023,2.052975497,0.487195748,7.166666667,6.821428571,16.10714286,15.57142857,-0.375,-0.535714286,-4,-1,-1,0,1,1,1,3,6,6,8,8,10
5e88da2b7e859234c8cba985,-0.734348962,8724.215285,-0.005073514,38.13185049,US,Queens,36081,19.6819797,0.397136835,0.040452504,-4228.504485,40.71,-73.99,NYC,20200502,20200502,MTA - Queens Buses,New York,36,28.90691509,50,36,0.274875358,2.006669001,0.497783971,7.24,6.5,16.03571429,15.5,-0.8,-0.535714286,2,4,5,5,7,7,7,7,8,9,9,9,11
5e88da2b7e859234c8cba986,-0.763149615,1889.022619,-0.006607008,37.15123434,US,Richmond,36085,19.40236573,0.412821992,0.043532357,-852.8764714,40.71,-73.99,NYC,20200502,20200502,MTA - Staten Island Buses,New York,36,28.27680003,52,36,0.232526144,2.189907237,0.496605029,7.166666667,6.535714286,16.14285714,15.53571429,-0.708333333,-0.607142857,4,5,6,6,7,9,9,9,12,12,13,13,14
5e88da2b7e859234c8cba97f,-0.738822398,225.7934261,0.00871117,43.63714335,US,Davidson,47037,15.83128899,0.263510094,0.051664448,-100.6896643,36.04,-86.64,Nashville,20200502,20200502,MTA & RTA,Tennessee,47,29.73421617,50,37,,,,,,,,,,7,11,11,11,11,11,13,13,15,16,16,17,19
5e88da2b7e859234c8cba987,-0.758396683,424.4021116,-0.013325475,39.2529384,US,San Diego,6073,18.43470821,0.35195707,0.046472462,-182.4920015,32.83,-116.76,San Diego,20200502,20200502,MTS,California,6,28.84382331,51,33,0.274397518,1.823612965,0.479473817,7.588235294,9.444444444,15.10714286,14.82142857,1.882352941,-0.285714286,-22,-20,1,9,9,9,9,11,11,11,12,12,16
5e88da2b7e859234c8cba988,-0.888221828,188.785626,-0.007545944,38.37442213,US,San Francisco,6075,13.96564035,0.300183899,0.04178657,-106.8536016,37.77,-122.41,SF Bay Area,20200502,20200502,MUNI - SFMTA,California,6,26.17003124,45,33,0.692950688,3.236900716,0.6990348,8,7.925925926,16.32142857,15.07142857,-0.35,-1.25,6,6,8,8,8,8,8,10,14,16,17,19,23
5e88da2b7e859234c8cba989,-0.861311614,424.4021116,0.040672131,39.37763968,US,San Diego,6073,18.18369835,0.345717825,0.046472462,-182.4920015,32.83,-116.76,San Diego,20200502,20200502,NCTD,California,6,28.78066901,51,33,,,,,,,,,,-22,-20,1,9,9,9,9,11,11,11,12,12,16
5e88da2b7e859234c8cba98a,-0.596580085,353.9032832,-0.009197255,33.23465986,US,Erie,36029,25.20625372,0.912649804,0.052142175,-138.5942203,43.01,-78.49,Buffalo,20200502,20200502,NFTA,New York,36,29.22045679,54,50,0.521083238,1.971151985,0.635425538,7.19047619,7.736842105,15.17857143,14.96428571,1.076923077,-0.214285714,3,3,3,5,5,5,6,8,8,9,11,11,13
5e88da2b7e859234c8cba98b,-0.685861288,5292.198218,-0.005317466,38.98264488,US,Nassau,36059,19.42270847,0.374598523,0.041143959,-2966.277584,40.72,-73.7,NYC,20200502,20200502,NICE Bus,New York,36,29.20267668,47,36,0.154648088,1.81420889,0.43111126,7.357142857,6.75,16.25,16.03571429,-0.607142857,-0.214285714,0,2,2,2,3,4,4,4,6,7,7,8,11
5e88da2b7e859234c8cba98e,-0.732546494,3495.330122,-0.004243688,43.23289069,US,New York,36061,13.06529946,0.242880621,0.038018903,-2026.870456,40.71,-73.99,NYC,20200502,20200502,NY Waterway,New York,36,28.14909507,45,36,0.146868023,2.02918016,0.582135854,7.346153846,6.428571429,16.75,15.96428571,-0.961538462,-0.785714286,3,6,6,7,8,8,8,10,13,13,15,15,17
5e88da2b7e859234c8cba98f,-0.771303466,269.8362605,0.005507678,39.64983303,US,Orange,6059,18.00920934,0.338581891,0.045877207,-128.6760317,33.84,-118,Los Angeles,20200502,20200502,OCTA,California,6,28.82952119,49,38,0.088676049,1.993666489,0.361184044,7.047619048,8.107142857,15.42857143,15.25,0.619047619,-0.178571429,-38,0,0,5,5,7,9,9,12,14,14,15,19
5e88da2b7e859234c8cba990,-0.602767834,218.0181087,-0.026143074,35.74839115,US,San Bernardino,6071,18.51348141,0.425132676,0.05740829,-74.70665217,34.14,-117.61,Los Angeles,20200502,20200502,Omnitrans,California,6,27.13093628,58,38,,,,,,,,,,11,12,14,14,14,16,16,17,20,20,21,21,25
5e88da2b7e859234c8cba991,-0.640185121,262.5554925,0.005120821,35.89102026,US,Allegheny,42003,20.73298129,0.483382006,0.040070126,-110.4527351,40.54,-79.83,Pittsburgh,20200502,20200502,PAAC,Pennsylvania,42,28.31200077,54,35,0.193051617,1.759259986,0.425271594,7.2,7.095238095,15.67857143,14.92857143,-0.0625,-0.75,8,8,9,9,9,9,9,9,14,15,16,18,19
5e88da2b7e859234c8cba992,-0.728530015,1632.342685,0.021062415,36.44684996,US,Cook,17031,21.66525702,0.495692401,0.059125123,-1071.171274,42.09,-87.98,Chicago,20200502,20200502,Pace Bus,Illinois,17,29.05605349,45,48,0.257933279,1.78222296,0.505645951,7.15,8.851851852,15.92857143,15.07142857,1.6,-0.857142857,-43,-36,-6,-5,-2,0,1,2,4,6,6,7,10
5e88da2b7e859234c8cba994,-0.538082568,1599.492099,0.022324025,47.87117059,US,Miami-Dade,12086,15.34768695,0.225287161,0.046265251,-773.8758461,25.86,-80.29,Miami,20200502,20200502,Palm Tran,Florida,12,31.60942877,51,37,0.104775929,1.331477956,0.377437364,8.115384615,8.321428571,15.39285714,15.42857143,0.076923077,0.035714286,11,11,12,12,12,12,12,13,15,16,16,17,18
5e88da2b7e859234c8cba995,-0.780494396,914.5017569,-0.003148884,34.85965128,US,Los Angeles,6037,19.65432442,0.48187871,0.058254087,-693.6155376,33.97,-118.24,Los Angeles,20200502,20200502,Pasadena Transit,California,6,27.25698785,42,38,0.311213328,2.807316195,0.662870314,7.869565217,8.392857143,15.53571429,15.14285714,0.391304348,-0.392857143,-39,-1,-1,-1,-1,-1,-1,0,4,8,8,9,12
5e88da2b7e859234c8cba996,-0.480257633,1304.433987,-0.029798334,33.22958872,US,Philadelphia,42101,21.71690532,0.636439224,0.052231566,-596.1782726,39.95,-75.16,Philadelphia,20200502,20200502,PATCO,Pennsylvania,42,27.47324702,53,35,0.209653391,1.741268643,0.473476362,7.217391304,7.888888889,15.10714286,15.75,0.565217391,0.642857143,2,6,6,7,8,8,9,10,12,12,13,14,16
5e88da2b7e859234c8cba997,-0.754574459,3495.330122,0.007131422,37.99928887,US,New York,36061,18.59746409,0.377651245,0.038018903,-2026.870456,40.71,-73.99,NYC,20200502,20200502,PATH,New York,36,28.29837648,45,36,0.21484071,1.970079524,0.594237133,7,6.178571429,16.35714286,15.42857143,-0.9,-0.928571429,-2,1,1,2,3,3,3,5,8,8,10,10,12
5e88da2b7e859234c8cba998,-0.788405594,1096.47919,0.011105394,43.3265588,US,King,53033,6.85693525,0.200910308,0.032164781,-764.5689873,47.3,-122.26,Seattle,20200502,20200502,Pierce Transit,Washington,53,25.09174703,38,32,0.366609133,2.50034789,0.475666033,7.15,8.5,16.10714286,15.82142857,1.35,-0.285714286,-30,8,8,8,8,8,9,10,11,12,13,13,17
5e88da2b7e859234c8cba999,-0.885286484,188.785626,-0.018926268,37.16186035,US,San Francisco,6075,12.57211586,0.297974763,0.04178657,-106.8536016,37.77,-122.41,SF Bay Area,20200502,20200502,PresidiGo,California,6,24.8669881,45,33,,,,,,,,,,7,7,9,9,9,9,9,11,15,17,18,20,24
5e88da2b7e859234c8cba99a,-0.530944243,262.0728187,0.02261518,52.75749651,US,Hillsborough,12057,17.58157592,0.208299404,0.038349378,-106.9899033,27.76,-82.26,Tampa,20200502,20200502,PSTA,Florida,12,35.16953622,55,30,0.04327803,1.1446908,0.38493286,7.1,8.642857143,15.85714286,15.10714286,1.35,-0.75,-1,8,11,11,13,14,14,15,16,17,17,19,22
5e88da2b7e859234c8cba99b,-0.801620786,408.2038641,0.00078606,38.23077508,US,Providence,44007,19.4380767,0.389892028,0.078382651,-113.6182283,41.95,-71.45,Providence,20200502,20200502,RIPTA,Rhode Island,44,28.83442589,63,34,0.576490243,2.102318159,0.625360694,7.25,9.307692308,15.07142857,14.35714286,2.526315789,-0.714285714,-4,-3,2,8,20,20,20,20,20,20,20,20,21
5e88da2b7e859234c8cba99c,-0.707232471,223.8628725,-0.001206285,37.7685646,US,Riverside,6065,17.36047764,0.359030384,0.058123198,-146.4079495,33.99,-117.53,Los Angeles,20200502,20200502,Riverside Transit Agency,California,6,27.56452112,47,38,0.194860845,2.179177944,0.496890686,7.5,8.535714286,15.71428571,15.5,0.590909091,-0.214285714,5,6,6,6,6,6,7,12,16,18,19,21,22
5e88da2b7e859234c8cba99d,-0.648205644,515.3281952,-0.016590921,40.82458431,US,Clark,32003,21.19282026,0.373227962,0.04499512,-246.6162898,36.14,-115.28,Las Vegas,20200502,20200502,RTC Southern Nevada,Nevada,32,31.00870229,50,39,0.071270368,1.341114303,0.319489221,7,7.230769231,14.89285714,14.14285714,-0.375,-0.75,-2,1,3,3,3,5,5,6,9,9,10,12,13
5e88da2b7e859234c8cba99e,-0.789915565,176.2481455,6.35373E-05,39.46218293,US,Denver,8031,17.53974439,0.334229391,0.058305695,-77.89785022,39.59,-105.01,Denver,20200502,20200502,RTD,Colorado,8,28.50096366,49,46,0.53366876,2.314782128,0.530211557,7.05,8.259259259,15.75,14.75,1,-1,3,3,6,7,7,8,9,9,11,14,16,17,19
5e88da2b7e859234c8cba99f,-0.817405051,188.7034123,-0.006468513,38.14778476,US,San Mateo,6081,14.61144036,0.311311016,0.038111257,-96.05876782,37.5,-122.3,SF Bay Area,20200502,20200502,SamTrans,California,6,26.37961256,47,33,0.550207949,2.386822942,0.618130827,7.45,8.678571429,16.35714286,14.82142857,1.2,-1.535714286,2,3,9,9,9,9,9,10,13,14,16,17,20
5e88da2b7e859234c8cba9a0,-0.702919257,914.5017569,-0.036497666,34.45944088,US,Los Angeles,6037,20.69073404,0.532157695,0.058254087,-693.6155376,33.97,-118.24,Los Angeles,20200502,20200502,Santa Clarita Transit,California,6,27.57508746,42,38,0.157851007,2.714899961,0.461517943,7.153846154,7.25,16.14285714,16.07142857,-0.115384615,-0.071428571,-40,-2,-2,-2,-2,-2,-2,-1,3,7,7,8,11
5e88da2b7e859234c8cba9a1,-0.857053882,32.82809222,-0.016801004,37.24520607,US,Santa Cruz,6087,15.14773415,0.331581971,0.033048567,-15.07446432,36.97,-121.89,Santa Cruz,20200502,20200502,Santa Cruz Metro,California,6,26.19647011,51,37,0.207580348,3.05339757,0.699271626,8.55,8.892857143,15.96428571,15.57142857,-0.1,-0.392857143,8,8,12,12,12,12,12,16,22,25,28,31,48
5e88da2b7e859234c8cba9a2,-0.623753409,1304.433987,-0.03003936,36.88962235,US,Philadelphia,42101,20.93437402,0.459229662,0.052231566,-596.1782726,39.95,-75.16,Philadelphia,20200502,20200502,SEPTA - Bus,Pennsylvania,42,28.91199819,53,35,0.57570247,1.931771522,0.49129454,7,7.409090909,15,14.75,0.5,-0.25,3,7,7,8,9,9,10,11,13,13,14,15,17
5e88da2b7e859234c8cba9a3,-0.568982735,1304.433987,-0.033104198,34.90284449,US,Philadelphia,42101,21.96457297,0.566313922,0.052231566,-596.1782726,39.95,-75.16,Philadelphia,20200502,20200502,SEPTA - Rail,Pennsylvania,42,28.43370873,53,35,0.386301735,1.834781526,0.481027854,7,7.76,15,15.07142857,0.588235294,0.071428571,2,6,6,7,8,8,9,10,12,12,13,14,16
5e88da2b7e859234c8cba9a4,-0.68811251,591.7614566,0.039585066,31.95534411,US,New Haven,9009,26.20690042,1.274627305,0.061117125,-259.5698548,41.34,-73.06,New Haven,20200502,20200502,Shore Line East,Connecticut,9,29.08112227,55,41,,,,,,,,,,2,3,3,4,5,5,5,6,7,11,11,12,13
5e88da2b7e859234c8cba9a5,-0.713544884,3029.072626,0.045863231,47.67203066,US,Wayne,26163,14.80421337,0.222926981,0.040308596,-1466.278802,42.25,-83.21,Detroit,20200502,20200502,SMART,Michigan,26,31.23812202,51,46,0.103753345,1.532279766,0.393026215,8.181818182,9.666666667,15.32142857,15.17857143,1.5,-0.142857143,10,13,13,13,13,13,14,15,18,19,19,19,19
5e88da2b7e859234c8cba976,-0.585902588,134.4779352,-0.006457804,34.48263803,US,Hamilton,39061,23.24422522,0.651971361,0.055761763,-42.78649793,39.13,-84.71,Cincinnati,20200502,20200502,SORTA - Metro,Ohio,39,28.86343163,58,48,0.297403297,1.815148301,0.615941884,7.304347826,8.181818182,15.53571429,15,0.95,-0.535714286,10,11,11,11,11,11,11,13,14,15,16,17,21
5e88da2b7e859234c8cba9a6,-0.745912053,1096.47919,0.036031669,38.67697769,US,King,53033,12.68583977,0.281908523,0.032164781,-764.5689873,47.3,-122.26,Seattle,20200502,20200502,Sound Transit,Washington,53,25.68140873,38,32,,,,,,,,,,-36,2,2,2,2,2,3,4,5,6,7,7,11
5e88da2b7e859234c8cba9a7,-0.722206756,4576.800308,0.03678418,40.08387967,US,Suffolk,36103,19.48857704,0.355766721,0.044041966,-2387.822334,40.81,-73.04,NYC,20200502,20200502,Suffolk County Transit,New York,36,29.78622835,49,36,0.148948693,1.459376081,0.52527805,7.16,8.185185185,16.32142857,15.78571429,0.958333333,-0.535714286,3,6,6,6,6,6,7,7,7,9,9,11,13
5e88da2b7e859234c8cba9a8,-0.623076076,134.4779352,-0.007257983,35.69072359,US,Hamilton,39061,19.79051274,0.460819254,0.055761763,-42.78649793,39.13,-84.71,Cincinnati,20200502,20200502,TANK,Ohio,39,27.74061817,58,48,,,,,,,,,,14,15,15,15,15,15,15,17,18,19,20,21,25
5e88da2b7e859234c8cba9a9,-0.707152907,107.1030495,0.02916506,47.52010578,US,Jefferson,21111,15.31605523,0.227521792,0.056690169,-43.46478299,38.25,-85.48,Louisville,20200502,20200502,TARC,Kentucky,21,31.41808051,53,38,0.193346586,1.484833054,0.424105143,8.157894737,8.357142857,15.57142857,15.07142857,0.421052632,-0.5,8,11,12,13,14,14,15,17,22,23,25,25,26
5e88da2b7e859234c8cba9aa,-0.928585306,52.77769333,-0.017782439,37.27016672,US,Tompkins,36109,21.08179798,0.45261653,0.028975561,-22.88877503,42.49,-76.29,Ithaca,20200502,20200502,TCAT,New York,36,29.17598235,57,31,0.746754834,2.397604865,1.106340871,8.25,9.222222222,17.17857143,14.89285714,0.947368421,-2.285714286,7,11,11,12,12,12,13,15,19,21,21,22,33
5e88da2b7e859234c8cba9ab,-0.979054145,31.59602893,0.0386046,46.77643398,US,Kent,26081,9.312563749,0.195578387,0.091908001,-5.493254058,42.95,-85.48,Grand Rapids,20200502,20200502,The Rapid,Michigan,26,28.04449886,57,42,,,,,,,,,,17,17,17,20,20,24,24,25,26,29,31,33,36
5e88da2b7e859234c8cba9ac,-0.978738009,227.6194452,0.044306423,40.0121621,US,Washtenaw,26161,13.88319521,0.28042147,0.038502168,-100.859424,42.27,-83.73,Ann Arbor,20200502,20200502,The Ride,Michigan,26,26.94767865,53,46,0.563726779,4.138954192,0.895366139,8,9.08,16.67857143,14.64285714,1.058823529,-2.035714286,13,13,14,15,16,16,16,20,22,23,24,25,28
5e88da2b7e859234c8cba9ad,-0.782924288,147.5689338,-0.003873642,40.80746551,US,Honolulu,15003,20.85559816,0.367239976,0.029794319,-69.16357744,21.38,-157.92,Oahu,20200502,20200502,TheBus,Hawaii,15,30.83153183,54,41,,,,,,,,,,1,3,9,9,10,10,11,12,14,15,16,17,22
5e88da2b7e859234c8cba9ae,-0.709312075,914.5017569,0.016538424,36.20063792,US,Los Angeles,6037,18.02560129,0.403142147,0.058254087,-693.6155376,33.97,-118.24,Los Angeles,20200502,20200502,Torrance Transit,California,6,27.11311961,42,38,0.131437196,2.272480482,0.41079734,7,8.5,16.03571429,14.85714286,1.5,-1.178571429,-38,0,0,0,0,0,0,1,5,9,9,10,13
5e88da2b7e859234c8cba9af,-0.75554439,107.5728806,-0.01225971,40.10880902,US,Multnomah,41051,18.10307073,0.332964211,0.048626367,-37.70467913,45.55,-122.27,Portland,20200502,20200502,TriMet,Oregon,41,29.10593988,57,34,0.426450863,1.937074314,0.600893234,8,7.740740741,15.89285714,15.46428571,-0.25,-0.428571429,6,12,13,15,15,15,15,16,19,21,22,23,26
5e88da2b7e859234c8cba9b0,-0.516629427,1599.492099,0.029688574,42.29019769,US,Miami-Dade,12086,19.00318201,0.314644152,0.046265251,-773.8758461,25.86,-80.29,Miami,20200502,20200502,Tri-Rail,Florida,12,30.64668985,51,37,0.153118593,1.377356949,0.407260645,8.038461538,7.892857143,15.92857143,15.64285714,-0.269230769,-0.285714286,7,7,8,8,8,8,8,9,11,12,12,13,14
5e88da2b7e859234c8cba9b1,-1.007408861,227.6194452,0.050289996,39.87235243,US,Washtenaw,26161,11.95932725,0.262498359,0.038502168,-100.859424,42.27,-83.73,Ann Arbor,20200502,20200502,U-M Transit,Michigan,26,25.91583984,53,46,,,,,,,,,,15,15,16,17,18,18,18,22,24,25,26,27,30
5e88da2b7e859234c8cba9b2,-0.969974549,203.1079438,1.86612E-07,37.07185477,US,Alameda,6001,16.17261754,0.350592857,0.046292315,-90.22608045,37.77,-122.27,SF Bay Area,20200502,20200502,University of California Berkeley - Bear Transit,California,6,26.62223615,51,33,0.755483513,3.491908401,0.904924635,8.96,8.346153846,17.60714286,16,-0.913043478,-1.607142857,1,5,7,9,11,11,11,13,15,16,18,19,20
5e88da2b7e859234c8cba9b3,-0.744591601,240.9212881,-0.028717952,37.71428958,US,Salt Lake,49035,17.55298821,0.363425116,0.051699729,-102.2795416,40.59,-112.1,Salt Lake City,20200502,20200502,UTA,Utah,49,27.63363889,52,33,0.196550911,2.606915959,0.565626302,8.608695652,8.259259259,15.92857143,15.71428571,-0.454545455,-0.214285714,9,9,10,11,11,11,11,11,14,16,17,18,20
5e88da2b7e859234c8cba9b4,-0.617091526,487.3250981,0.019988659,43.18945112,US,Maricopa,4013,16.29892945,0.272479775,0.048831355,-188.2076455,33.45,-112.06,Phoenix,20200502,20200502,Valley Metro,Arizona,4,29.74419028,54,35,,,,,,,,,,-36,4,9,12,14,14,14,16,17,18,19,20,21
5e88da2b7e859234c8cba9b5,-0.477667844,216.2935946,0.013823933,41.00709367,US,Bexar,48029,18.91292264,0.33163151,0.047507484,-77.82432815,29.28,-98.73,San Antonio,20200502,20200502,VIA,Texas,48,29.96000816,57,33,,,,,,,,,,10,11,11,14,15,15,16,16,17,19,19,19,22
5e88da2b7e859234c8cba9b6,-0.961864765,176.2481455,-0.003547546,38.46373143,US,Denver,8031,15.62036456,0.320754963,0.058305695,-77.89785022,39.59,-105.01,Denver,20200502,20200502,Via Mobility Services - Boulder,Colorado,8,27.042048,49,46,0.551318643,3.986258297,0.894220062,8.285714286,8.178571429,15.82142857,14.75,-0.095238095,-1.071428571,5,5,8,9,9,10,11,11,13,16,18,19,21
5e88da2b7e859234c8cba9b7,-0.8126819,628.6588273,-0.0186666,37.13255069,US,Santa Clara,6085,16.04607206,0.347479701,0.024289944,-477.5362898,37.36,-122.14,SF Bay Area,20200502,20200502,VTA,California,6,26.58931137,35,33,0.426639757,3.370341291,0.579398986,8.272727273,8.444444444,16.10714286,14.92857143,0.227272727,-1.178571429,-35,-33,-13,-10,-7,-5,-5,-2,1,3,4,6,9
5e88da2b7e859234c8cba9b8,-0.831806506,914.5017569,0.023691463,36.21682293,US,Los Angeles,6037,20.23156098,0.458367421,0.058254087,-693.6155376,33.97,-118.24,Los Angeles,20200502,20200502,West Hollywood - WeHo,California,6,28.22419196,42,38,0.254585682,2.347780172,0.683544967,7.964285714,7.892857143,16.75,15.64285714,-0.071428571,-1.107142857,-40,-2,-2,-2,-2,-2,-2,-1,3,7,7,8,11
5e88da2b7e859234c8cba9b9,-0.764766139,296.7919865,-0.00397704,48.33931191,US,Washington,11001,17.37611176,0.236639729,0.056048623,-154.4851199,38.89,-77.03,Washington D.C.,20200502,20200502,WMATA,D.C,11,32.85771184,49,27,0.234239247,1.228066134,0.375544605,7.55,6.739130435,15.5,14.96428571,-1.2,-0.535714286,5,5,6,6,8,8,8,8,13,14,16,16,19
